subreddit,source_community,target_community,bridge_score,role
ConservativeKiwi,48,0,0.0674060732126236,bridge
2islamist4you,33,0,0.05769100785255432,bridge
Chriswatts,51,17,0.04379728436470032,bridge
Aliexpress,20,0,0.03345494717359543,bridge
BehindTheClosetDoor,20,0,0.03339877352118492,bridge
CatholicMemes,15,0,0.029757753014564514,bridge
CNNmemes,42,0,0.019671352580189705,bridge
AdviceAtheists,15,0,0.01650812104344368,bridge
90DayFiance,28,17,0.016084711998701096,bridge
AskThe_Donald,51,0,0.01355854980647564,bridge
Absurdism,15,0,0.013232165016233921,bridge
AHomeForPlagueRats,51,0,0.01302455086261034,bridge
ACAB,51,0,0.012838782742619514,bridge
CCJ2,40,0,0.01190397422760725,bridge
2asians4u_irl,40,0,0.011227644979953766,bridge
AroundTheNFL,19,17,0.011147230863571167,bridge
Ark_PS4_Community,4,29,0.010593474842607975,bridge
ConanExilesServers,4,29,0.010224970057606697,bridge
Area51memes,42,29,0.008740093559026718,bridge
Best_Gifs_NSFW,28,9,0.008695606142282486,bridge
BadGirlsFromEarth,28,9,0.008626100607216358,bridge
AmazonWFShoppers,20,0,0.00854862853884697,bridge
ContagiousLaughter,28,0,0.008355210535228252,bridge
AmazonFlexDrivers,20,0,0.00825115293264389,bridge
BestForMyGuest,28,9,0.008143694140017033,bridge
420,26,9,0.008140153251588345,bridge
AdoptMeTradingRoblox,4,29,0.007759389467537403,bridge
AmazonWTF,20,0,0.007481313310563564,bridge
ConservativeKiwi,22,0,0.007441786117851734,bridge
AmazonVine,20,0,0.007275530137121677,bridge
AmazonFlexUK,20,0,0.007087424397468567,bridge
AltBlonde,7,9,0.006729878485202789,bridge
AustraliaLeftPolitics,48,22,0.005589257460087538,bridge
AusPol,48,22,0.005533406510949135,bridge
CatholicWomen,15,13,0.0054061091504991055,bridge
CPTSDmemes,13,0,0.005382682662457228,bridge
Ajar_Malaysia,6,0,0.005309536587446928,bridge
Bestbuy,20,0,0.005279522389173508,bridge
BlueMidterm2018,22,0,0.0050126356072723866,bridge
CSHFans,10,0,0.004995475057512522,bridge
Aldi_employees,20,0,0.00478677824139595,bridge
AnyaTaylorJoy,7,9,0.004715618211776018,bridge
AskThe_Donald,48,0,0.004624198656529188,bridge
Australia_,48,22,0.00460028788074851,bridge
AusNews,48,22,0.004453414119780064,bridge
AustralianPolitics,48,22,0.004407927859574556,bridge
ABC_NEWS_TOP_STORIES,48,22,0.004365744534879923,bridge
CozyGrove,26,14,0.004362125415354967,bridge
AnimalMemes,14,0,0.004232398234307766,bridge
BidenBuzz,48,0,0.004014360718429089,bridge
AskThe_Donald,22,0,0.003965192008763552,bridge
Catmemes,14,0,0.00393309211358428,bridge
AHomeForPlagueRats,48,0,0.003853335278108716,bridge
ConservativeMemes,48,0,0.003793865442276001,bridge
Anarcho_Capitalism,48,0,0.0037766098976135254,bridge
BombRush_Cyberfunk,10,29,0.003715618047863245,bridge
2Caucasian4you,6,0,0.0036887051537632942,bridge
CanberraNSFW,7,9,0.003655323525890708,bridge
AgMarketplace,20,26,0.0036235779989510775,bridge
AesPleasingAsianGirls,7,9,0.0036220583133399487,bridge
CoronavirusDownunder,48,22,0.0035286133643239737,bridge
ARK_pc,4,29,0.0035169327165931463,bridge
COMPLETEANARCHY,48,0,0.0034690152388066053,bridge
AusMemes,48,0,0.0034678836818784475,bridge
AFROTC,25,0,0.0034367628395557404,bridge
BidenIsNotMyPresident,48,0,0.0034144462551921606,bridge
Bawskee,10,0,0.0033851086627691984,bridge
AnimalTextGifs,14,0,0.003354181069880724,bridge
AnarchismZ,48,0,0.0033426822628825903,bridge
ChurchOfCurrentThing,48,0,0.003319632261991501,bridge
ADHDmemes,13,0,0.003316843183711171,bridge
BrexitMemes,22,0,0.003312532790005207,bridge
BipolarMemes,13,0,0.0032952555920928717,bridge
2MiddleEast4you,33,0,0.0032865037210285664,bridge
CityMorgue,10,0,0.0032496717758476734,bridge
BiforDesicelebs,7,9,0.0032487583812326193,bridge
BlackPeopleTwitter,48,0,0.003237809520214796,bridge
BadArt,14,17,0.0032210201025009155,bridge
1688Reps,4,24,0.0031857145950198174,bridge
BPDmemes,13,0,0.0031776134856045246,bridge
BrexitMemes,48,0,0.0031769289635121822,bridge
CoincidenceTheorist,48,0,0.0031619726214557886,bridge
2mediterranean4u,33,0,0.0031173410825431347,bridge
CommunismMemes,48,0,0.0030948705971240997,bridge
ABoringDystopia,48,0,0.0030890891794115305,bridge
BritishMemes,48,0,0.003078190376982093,bridge
AdviceAnimals,48,0,0.003064845222979784,bridge
BlouselessSaree,7,9,0.0030534511897712946,bridge
CoronavirusMemes,48,0,0.003042408963665366,bridge
AnyaTaylorJoyFans,7,9,0.0030337979551404715,bridge
AntifascistsofReddit,48,0,0.0030334019102156162,bridge
Anarchy4Everyone,48,0,0.0030325695406645536,bridge
90dayfianceuncensored,51,17,0.003031967906281352,bridge
ARKSurvivalEvolved,4,29,0.003026699647307396,bridge
Asia_irl,33,0,0.00302408286370337,bridge
4caucasus6you,33,0,0.0030169133096933365,bridge
2bharat4you,33,0,0.0029636004474014044,bridge
ChoosingBeggars,20,0,0.002951034577563405,bridge
CountryhumansCringe,33,0,0.002946375170722604,bridge
90DayFianceSnark,51,17,0.002927306341007352,bridge
AbolishTheMonarchy,48,0,0.0029106640722602606,bridge
2Asia4u,33,0,0.002903290092945099,bridge
2Caucasian4you,33,0,0.0028847160283476114,bridge
2easterneuropean4u,33,0,0.002850885270163417,bridge
ArcheageUnchained,4,29,0.0028485357761383057,bridge
ATBandATGcommunity,14,0,0.00284511293284595,bridge
0sanitymemes,29,0,0.0028338090050965548,bridge
ARKServers,4,29,0.002789627993479371,bridge
BuddyCrossing,26,14,0.002786352764815092,bridge
BigBrother,51,17,0.002763615222647786,bridge
2balkan4you,33,0,0.002743230666965246,bridge
CoachCorySubmissions,29,0,0.002710796659812331,bridge
CommunismMemes,33,0,0.002708406886085868,bridge
CovIdiots,48,0,0.002700141631066799,bridge
BlockedByJax,51,17,0.0026995742227882147,bridge
BachelorNation,51,17,0.002689250046387315,bridge
Anarchism,48,0,0.002667968859896064,bridge
ClimateMemes,48,0,0.002656146651133895,bridge
AllAmericanTV,51,17,0.002654540352523327,bridge
ACPocketCamp,26,14,0.002647405257448554,bridge
ChavGirls1,7,9,0.0026243003085255623,bridge
Andjustlikethat,51,17,0.0026149817276746035,bridge
COVID19positive,13,22,0.0026039117947220802,bridge
AnotherEdenGlobal,17,29,0.002593560377135873,bridge
13ReasonsWhy,51,17,0.0025904385838657618,bridge
0sanitymemes,17,0,0.0025807011406868696,bridge
BreadTube,22,0,0.0025731907226145267,bridge
Bolehland,33,0,0.002562692854553461,bridge
AgencySquad,29,0,0.0025603200774639845,bridge
AlexaBliss,7,9,0.002559411572292447,bridge
Bengali_Exhibitionism,7,9,0.0025546287652105093,bridge
BabyReindeerTVSeries,51,17,0.0025517111644148827,bridge
BringingUpBates,51,17,0.0025372684467583895,bridge
2american4you,33,0,0.00253513571806252,bridge
CovIdiots,22,0,0.002533131744712591,bridge
AiUncensored,7,9,0.0025230986066162586,bridge
AccidentalComedy,15,0,0.0025214285124093294,bridge
2asians4u_irl,33,0,0.002514926018193364,bridge
COMPLETEANARCHY,33,0,0.0025048870593309402,bridge
CatfishTheTVShow,51,17,0.002501037670299411,bridge
ClanGen,14,0,0.002491941675543785,bridge
BattleForDreamIsland,17,0,0.0024853365030139685,bridge
AHomeForPlagueRats,22,0,0.0024807003792375326,bridge
AnimeOT,17,0,0.0024806736037135124,bridge
CelebWivesofNashville,51,17,0.0024803823325783014,bridge
CartoonGangsters,10,0,0.002454230096191168,bridge
BritishMemes,33,0,0.0024541381280869246,bridge
AlanBecker,17,0,0.002447580685839057,bridge
AnimeMeme,17,0,0.002428217325359583,bridge
CoinWithUs,3,29,0.002426265738904476,bridge
ActionBoyz,10,17,0.0024251227732747793,bridge
60daysin,51,17,0.0024171138647943735,bridge
Chodi,33,0,0.002406748477369547,bridge
Bombstrap,17,0,0.0023669935762882233,bridge
40kmemes,29,0,0.0023589953780174255,bridge
BlackMetalMemes,33,0,0.0023534628562629223,bridge
AsianTikTokGirls,7,9,0.0023533066269010305,bridge
AtlasEarthOfficial,3,29,0.002345939166843891,bridge
CharteredAccountants,25,0,0.0023374634329229593,bridge
ComedySeizure,33,0,0.0023357414174824953,bridge
AddisonsDisease,26,13,0.0023160113487392664,bridge
CinnamonToastKen,17,0,0.0023147056344896555,bridge
90dayfiance_FB_memes,51,17,0.0023137321695685387,bridge
ChavsGalore,7,9,0.0023108322639018297,bridge
ColleenBallingerSnark,51,17,0.0023016021586954594,bridge
BuzzFeedUnsolved,51,17,0.002294376026839018,bridge
2kmyteam,19,29,0.002290240954607725,bridge
AnimeFunny,17,0,0.0022695614024996758,bridge
Alphachan,33,0,0.002268916694447398,bridge
ChangedFurry,17,0,0.00226426450535655,bridge
BidenBuzz,22,0,0.00226386240683496,bridge
AdvertiseYourServer,4,29,0.002255640923976898,bridge
AntiHazbinHotel,33,0,0.002252948237583041,bridge
AlisonBrie,7,9,0.0022468368988484144,bridge
Apandah,33,0,0.0022399884182959795,bridge
CarryMinati,7,0,0.0022369662765413523,bridge
AmongUs,29,0,0.0022176294587552547,bridge
ChiefKeef,10,0,0.002211550483480096,bridge
ContagiousLaughter,14,0,0.0022019611205905676,bridge
AdoptMeTradingRoblox,26,29,0.0021955135744065046,bridge
AnimeSketch,14,17,0.0021876157261431217,bridge
AgencySquad,17,0,0.002185042481869459,bridge
CinnamonToastKen,14,0,0.0021708954591304064,bridge
BattleForDreamIsland,29,0,0.002150287153199315,bridge
BadGirlsFromEarth,7,9,0.0021496193949133158,bridge
4caucasus6you,6,0,0.002147052902728319,bridge
CoincidenceTheorist,22,0,0.0021464477758854628,bridge
CatholicDating,15,13,0.002146337414160371,bridge
Bombstrap,33,0,0.0021461970172822475,bridge
CaminoDeSantiago,8,25,0.002144245896488428,bridge
AmazonFC,20,0,0.0021418677642941475,bridge
ByzantineMemes,33,0,0.0021353214979171753,bridge
ABCaus,48,22,0.0021319470833986998,bridge
BokuNoMetaAcademia,17,0,0.002131103537976742,bridge
CounterSide,17,29,0.00211762054823339,bridge
Cholansfw,7,9,0.0021175958681851625,bridge
Bombstrap,10,0,0.002110023284330964,bridge
AusMemes,22,0,0.0020909563172608614,bridge
ConservativeMemes,33,0,0.0020908035803586245,bridge
Conservatives_R_Us,42,0,0.0020852265879511833,bridge
Conservative,42,0,0.0020821704529225826,bridge
AllFantasyEverything,10,17,0.002081541810184717,bridge
Cannacuties,26,9,0.0020793138537555933,bridge
AvatarMemes,17,0,0.0020681892056018114,bridge
AI_Girl,7,9,0.00206423900090158,bridge
CartoonGangsters,17,0,0.0020591835491359234,bridge
ConservativesOnly,42,0,0.0020434814505279064,bridge
Christianmarriage,15,13,0.0020404080860316753,bridge
CamilaCabello,7,9,0.0020301116164773703,bridge
AskThe_Donald,42,0,0.0020251350942999125,bridge
Anarcho_Capitalism,33,0,0.002024033572524786,bridge
AnarchismZ,33,0,0.0020232696551829576,bridge
Blacksouls2,29,17,0.002018496859818697,bridge
Azoozkie,33,0,0.00201509241014719,bridge
AHomeForPlagueRats,33,0,0.002012011129409075,bridge
CarryMinati,33,0,0.0019988666754215956,bridge
ChickFilAWorkers,20,0,0.001998066669330001,bridge
ChuckleSandwich,17,0,0.00198000599630177,bridge
ColdOnes,17,0,0.001977926818653941,bridge
ConservativeNewsWeb,42,0,0.001973763108253479,bridge
Altrive,29,0,0.001967067364603281,bridge
BasicIncome,22,0,0.001966542564332485,bridge
BreadTube,48,0,0.0019652126356959343,bridge
CA2NWO,42,0,0.0019644221756607294,bridge
AubreyPlaza,7,9,0.001961489673703909,bridge
AgencySquad,14,0,0.0019592600874602795,bridge
BlackMetalMemes,10,0,0.0019500581547617912,bridge
AnimeOT,29,0,0.0019469906110316515,bridge
CoincidenceTheorist,42,0,0.0019409193191677332,bridge
BombPartyGossip,17,0,0.001937589724548161,bridge
Animemes,17,0,0.0019337732810527086,bridge
BeybladeX,24,29,0.0019332945812493563,bridge
Astuff,42,0,0.0019275889499112964,bridge
BreakingPointsNews,42,0,0.0019241726258769631,bridge
CorporateFacepalm,20,0,0.0019164033001288772,bridge
AquaJail,17,0,0.0018965539056807756,bridge
AutoZone,20,0,0.0018874084344133735,bridge
AntiWranglerstar,51,17,0.0018769740127027035,bridge
BengaliWife,7,9,0.0018724212422966957,bridge
BreakingPoints,22,0,0.0018642095383256674,bridge
ClappingDemCheeks,7,9,0.0018583880737423897,bridge
Azoozkie,7,0,0.0018572158878669143,bridge
CSHFans,17,0,0.0018538763979449868,bridge
ATC,3,0,0.0018504512263461947,bridge
ChristiansAwake2NWO,42,0,0.0018476578406989574,bridge
AnimeFunny,29,0,0.0018465230241417885,bridge
Alcoholism_Medication,26,13,0.0018403028370812535,bridge
AntifascistsofReddit,33,0,0.0018261205404996872,bridge
CVS,20,0,0.0018227784894406796,bridge
ActualHippies,26,14,0.0018205215455964208,bridge
BurbNBougie,13,0,0.001818580669350922,bridge
Addisoneasterling,7,9,0.0018114260165020823,bridge
Cirrhosis,22,13,0.0018101520836353302,bridge
ChandigarhGW,7,9,0.001807832159101963,bridge
AskDocs,22,13,0.0018054592655971646,bridge
AussieTikTokSnark,7,17,0.0018053969833999872,bridge
COMPLETEANARCHY,15,0,0.0017904997803270817,bridge
AnimeMeme,29,0,0.0017885953420773149,bridge
ApexOutlands,0,29,0.0017848339630290866,bridge
CSRRacing2,24,29,0.0017838331405073404,bridge
ATBandATGcommunity,17,0,0.001782292383722961,bridge
ATBandATGcommunity,26,0,0.0017713336274027824,bridge
AlpharadTV,17,29,0.0017645477782934904,bridge
Choices,29,17,0.0017583160661160946,bridge
CatholicMemes,33,0,0.001755563193000853,bridge
BarbaraPalvin,7,9,0.0017531487392261624,bridge
Columbine,51,17,0.001747621106915176,bridge
Amazingdigitalcircus,0,17,0.0017465953715145588,bridge
ChitraLoka,7,0,0.0017455557826906443,bridge
AccurateBattleSim,17,29,0.0017453782493248582,bridge
ABizarreDay,0,29,0.0017424137331545353,bridge
BreakingPoints,42,0,0.0017395763425156474,bridge
BlueGhost,0,29,0.001736252917908132,bridge
ANI_COMMUNISM,33,0,0.001735455822199583,bridge
BlackPeopleTwitter,15,0,0.001734684919938445,bridge
A_irsoft,29,0,0.0017329412512481213,bridge
30_Minutes_Missions,24,29,0.0017298534512519836,bridge
BreadTube,42,0,0.0017271910328418016,bridge
ATBandATGcommunity,9,0,0.0017263126792386174,bridge
AskMiddleEast,33,0,0.001723559107631445,bridge
CatsAndPlants,26,14,0.0017219112487509847,bridge
ConservativeMemes,15,0,0.001719284919090569,bridge
BikiniBottomTwitter,15,0,0.0017182886367663741,bridge
AmongUsMemes,29,0,0.0017156564863398671,bridge
Cichlid,26,14,0.0017145959427580237,bridge
0sanitymemes,15,0,0.0017116556409746408,bridge
6ix9ine,10,0,0.0017112505156546831,bridge
AquaJail,14,0,0.0017048841109499335,bridge
CNNauto,42,0,0.0017026261193677783,bridge
AnimeMeme,15,0,0.0017024086555466056,bridge
BenzoWithdrawal,13,26,0.0016987278359010816,bridge
Animemes,29,0,0.0016984143294394016,bridge
ChangedFurry,29,0,0.0016976704355329275,bridge
CartoonGangsters,14,0,0.0016955904429778457,bridge
BidenBuzz,42,0,0.0016953287413343787,bridge
AnimeFunny,15,0,0.0016947375843301415,bridge
ChangedFurry,14,0,0.0016903989017009735,bridge
BestOfReports,15,0,0.0016868410166352987,bridge
A24,10,17,0.0016864500939846039,bridge
CorruptioNNews,42,0,0.0016852630069479346,bridge
Blazblue,29,17,0.0016850673127919436,bridge
Cecilybauchmann1,17,0,0.0016849510138854384,bridge
AirForce,25,0,0.0016819463344290853,bridge
AccidentalComedy,14,0,0.0016803545877337456,bridge
AtarashiiGakko,10,17,0.001676339888945222,bridge
Bigbossmalayalam5,7,17,0.001674929168075323,bridge
AVN_Lovers,10,17,0.0016703461296856403,bridge
Asmongold,29,0,0.0016686535673215985,bridge
AnimeFunny,14,0,0.0016666518058627844,bridge
BlackMetalMemes,29,0,0.0016657934756949544,bridge
BombRush_Cyberfunk,17,29,0.001663197879679501,bridge
Bombstrap,15,0,0.0016615656204521656,bridge
AnimeMeme,14,0,0.0016612192848697305,bridge
Choices,0,17,0.0016594388289377093,bridge
CoachCorySubmissions,17,0,0.0016583368415012956,bridge
BlackMetalMemes,17,0,0.0016576946945860982,bridge
BidenBuzz,51,0,0.0016536045586690307,bridge
Conservative,22,0,0.0016530047869309783,bridge
AHomeForPlagueRats,15,0,0.0016508478438481688,bridge
Adelaide,22,25,0.0016456296434625983,bridge
AlanBecker,29,0,0.0016431913245469332,bridge
Altrive,17,0,0.0016429905081167817,bridge
Arknuts,7,9,0.0016403712797909975,bridge
40kscience,29,0,0.0016386331990361214,bridge
Bombstrap,51,0,0.0016371067613363266,bridge
AQW,17,29,0.0016357314307242632,bridge
CBSauto,42,0,0.0016317847184836864,bridge
ChildrenFallingOver,14,0,0.001622684532776475,bridge
BestBuyWorkers,25,0,0.001621148781850934,bridge
ConservativesOnly,22,0,0.00161837344057858,bridge
Animemes,15,0,0.0016176996286958456,bridge
AInsfw,7,9,0.0016144521068781614,bridge
Conservatives_R_Us,22,0,0.0016106023686006665,bridge
BlackMetalMemes,15,0,0.0016084236558526754,bridge
3on3,19,29,0.0016082375077530742,bridge
AdviceAnimals,15,0,0.001608087681233883,bridge
AnimeGirls,7,17,0.0016062071081250906,bridge
ContraPoints,17,0,0.0016058827750384808,bridge
ArcaneOdyssey,17,29,0.0016005421057343483,bridge
Angryupvote,15,0,0.0015995190478861332,bridge
AmazonFC,25,0,0.0015992674743756652,bridge
Anarcho_Capitalism,15,0,0.0015988339437171817,bridge
420StonerChicks,26,9,0.0015946850180625916,bridge
ArcaneOdyssey,0,29,0.0015943872276693583,bridge
AmongUsMemes,15,0,0.0015906287590041757,bridge
AccurateBattleSim,0,29,0.001590579398907721,bridge
2Asia4u,40,0,0.0015875771641731262,bridge
AgencySquad,10,0,0.0015874406090006232,bridge
AquaJail,10,0,0.0015855433885008097,bridge
ComedySeizure,15,0,0.0015845533926039934,bridge
Asia_irl,40,0,0.0015834621153771877,bridge
CelebsARG_,7,8,0.001582269323989749,bridge
Achievement_Hunter,10,17,0.0015822415007278323,bridge
ChurchOfCurrentThing,15,0,0.0015815310180187225,bridge
AlyssaMckaySnark2,17,0,0.0015810062177479267,bridge
AccidentalComedy,17,0,0.0015792899066582322,bridge
CalamityMod,0,29,0.001576856942847371,bridge
Blacksouls2,0,17,0.001574039924889803,bridge
BokuNoMetaAcademia,29,0,0.0015740098897367716,bridge
BattleForDreamIsland,10,0,0.001572763780131936,bridge
ClotSurvivors,22,13,0.0015674069290980697,bridge
Breath_of_the_Wild,17,29,0.0015641555655747652,bridge
AJR,17,10,0.0015637403121218085,bridge
AlpharadTV,10,29,0.0015624546213075519,bridge
ColdOnes,10,0,0.0015623554354533553,bridge
Census,25,0,0.0015602016355842352,bridge
BikiniBottomTwitter,17,0,0.0015582963824272156,bridge
CirclingBack,10,17,0.0015575981233268976,bridge
AusMemes,25,0,0.0015568508533760905,bridge
CalamityMod,17,29,0.0015550142852589488,bridge
BadChoicesGoodStories,42,0,0.0015549402451142669,bridge
Accounting,25,0,0.0015530497767031193,bridge
ConservativeMemes,51,0,0.001552870380692184,bridge
Amazingdigitalcircus,29,17,0.0015518151922151446,bridge
BokuNoMetaAcademia,15,0,0.0015514080878347158,bridge
ARK,0,29,0.0015494145918637514,bridge
AvatarMemes,15,0,0.0015396473463624716,bridge
AetherGazer,17,29,0.0015394019428640604,bridge
2bharat4you,7,0,0.0015381837729364634,bridge
Borderlands2,17,29,0.0015352737391367555,bridge
CBSauto,22,0,0.0015330977039411664,bridge
ColdOnes,14,0,0.0015321881510317326,bridge
CinnamonToastKen,10,0,0.0015289601869881153,bridge
AnimeOT,15,0,0.0015280900988727808,bridge
2bharat4you,40,0,0.0015275476034730673,bridge
Armyaviation,25,0,0.0015255905454978347,bridge
BadChoicesGoodStories,51,0,0.0015255443286150694,bridge
Channel5ive,10,17,0.0015211573336273432,bridge
APauto,42,0,0.0015206666430458426,bridge
ChelseaLeeArt,17,0,0.0015189631376415491,bridge
ChiknNuggit,0,17,0.0015177425229921937,bridge
AmongUs,17,0,0.0015175349544733763,bridge
AvatarMemes,29,0,0.0015162306372076273,bridge
Birates,9,0,0.0015111335087567568,bridge
ATBandATGcommunity,29,0,0.0015099705196917057,bridge
BillieEilishGW,7,9,0.0015067553613334894,bridge
BombPartyGossip,20,0,0.0015054986579343677,bridge
Alphachan,17,0,0.001501246471889317,bridge
Conservative,48,0,0.001495770993642509,bridge
AteTheOnion,15,0,0.001493634656071663,bridge
4PanelCringe,15,0,0.0014931175392121077,bridge
Anarcho_Capitalism,51,0,0.0014918310334905982,bridge
AIfreakout,17,0,0.001490854425355792,bridge
18plus_chat,7,9,0.0014890270540490746,bridge
AvneetKaur,7,9,0.0014884395059198141,bridge
0sanitymemes,14,0,0.0014818704221397638,bridge
CinnamonToastKen,29,0,0.0014798048650845885,bridge
BaldisBasicsEdu,29,0,0.0014789341948926449,bridge
AtlasEarthOfficial,20,29,0.0014743254287168384,bridge
Badfaketexts,17,0,0.00147259421646595,bridge
Bolehland,40,0,0.00146945146843791,bridge
Borderlands2,0,29,0.001466309535317123,bridge
Apollostonenarc,17,0,0.0014651332749053836,bridge
AARP_Politics,22,0,0.0014646208146587014,bridge
AmazonDS,20,0,0.0014641343150287867,bridge
AnimeART,7,17,0.0014637847198173404,bridge
CostaRicaTravel,8,25,0.0014626584015786648,bridge
2visegrad4you,33,0,0.0014625450130552053,bridge
Chodi,7,0,0.0014607959892600775,bridge
AlexisRen,7,9,0.001460104831494391,bridge
BadDesigns,20,0,0.0014591383514925838,bridge
BikiniBottomTwitter,29,0,0.001457434264011681,bridge
Alphachan,29,0,0.0014565305318683386,bridge
AbruptChaos,14,0,0.0014560520648956299,bridge
Brookemonk_TheGoddess,7,9,0.0014559095725417137,bridge
BuffaloWizards,10,17,0.0014513258356601,bridge
AnimatedPixelArt,14,17,0.0014452157774940133,bridge
Conservative,51,0,0.0014426588313654065,bridge
AlfaOxtrot,17,0,0.001441836473532021,bridge
CoryCrawford,17,0,0.0014417482307180762,bridge
CallMeCarson,17,0,0.0014414107427001,bridge
ArizonaWhiskey,26,24,0.0014414088800549507,bridge
ATBandATGcommunity,10,0,0.0014412155142053962,bridge
AmazonDSPDrivers,20,0,0.0014395605539903045,bridge
BadRocketLeagueGoals,19,29,0.0014375254977494478,bridge
BreitbartNews,22,0,0.0014370999997481704,bridge
CallMeKevin,17,0,0.0014347386313602328,bridge
Astuff,22,0,0.001434248173609376,bridge
CA2NWO,22,0,0.00143258401658386,bridge
AzumangaPosting,17,0,0.0014313748106360435,bridge
BidenIsNotMyPresident,42,0,0.0014303975040093064,bridge
BeckiJones,17,0,0.0014279616298153996,bridge
COMPLETEANARCHY,51,0,0.0014236095594242215,bridge
BrisbaneSocial,26,9,0.0014197699492797256,bridge
BaldisBasicsEdu,17,0,0.0014158047270029783,bridge
Anna_Faith,7,9,0.0014138480182737112,bridge
BadChoicesGoodStories,48,0,0.0014130669878795743,bridge
AHatInTime,17,0,0.0014124935260042548,bridge
ContagiousLaughter,17,0,0.0014123052824288607,bridge
BugFables,29,17,0.0014121024869382381,bridge
BestBuyWorkers,20,0,0.00140698894392699,bridge
Amazingdigitalcircus,10,17,0.0014066831208765507,bridge
BelleDelphineOFNS,7,9,0.0014050378231331706,bridge
Addison_rae_worship,7,9,0.001404556562192738,bridge
AlpharadPlus,17,0,0.001403191825374961,bridge
0sanitymemes,10,0,0.0014028312871232629,bridge
Coconaad,14,0,0.0014009814476594329,bridge
AnimalCrossingTrading,4,26,0.0014008083380758762,bridge
40kmemes,15,0,0.001400622772052884,bridge
BackSilhouettesGW,14,9,0.0014001663075760007,bridge
BidenIsNotMyPresident,51,0,0.001393295475281775,bridge
BeyoncePics,7,9,0.001391591620631516,bridge
AutoZone2,20,0,0.001391395926475525,bridge
BearsNSFWLikes,7,9,0.001391284866258502,bridge
AIDungeon,29,0,0.0013902104692533612,bridge
AddisonRae,7,9,0.0013863721396774054,bridge
BidenIsNotMyPresident,22,0,0.0013851496623829007,bridge
ChilluminatiPod,10,17,0.0013828710652887821,bridge
AnimeMirchi,7,0,0.0013778723077848554,bridge
21stCenturyHumour,17,0,0.0013765952317044139,bridge
CatsAndSoup,26,14,0.0013746838085353374,bridge
BattleForDreamIsland,14,0,0.0013735250104218721,bridge
ConservativeMemes,22,0,0.0013734804233536124,bridge
Amazingdigitalcircus,14,17,0.001372877391986549,bridge
ANormalDayInAmerica,51,0,0.001372021622955799,bridge
ANTM,7,17,0.0013684822479262948,bridge
BaldursGate3,17,29,0.0013652195921167731,bridge
AccidentalComedy,29,0,0.0013630487956106663,bridge
Ceramics,26,14,0.0013618501834571362,bridge
Aprilthenewbully,14,0,0.001360860769636929,bridge
AIfreakout,14,0,0.0013600551756098866,bridge
BlackPeopleComedy,17,0,0.001359542366117239,bridge
BlueGhost,17,29,0.0013594686752185225,bridge
Barotrauma,0,29,0.001359281362965703,bridge
BuffaloWizards,29,17,0.001358811161480844,bridge
Construction,20,0,0.0013579113874584436,bridge
Bombstrap,29,0,0.0013567941496148705,bridge
ChurchOfMinaAshido,7,17,0.0013554738834500313,bridge
Anarcho_Capitalism,22,0,0.0013537596678361297,bridge
AnimaticBattle,29,17,0.001353229396045208,bridge
Conservative_News,22,0,0.0013507271651178598,bridge
AllTomorrows,17,0,0.001346604316495359,bridge
ComedySeizure,17,0,0.001344815012998879,bridge
BitLifeApp,29,0,0.0013443842763081193,bridge
CoincidenceTheorist,51,0,0.0013437826419249177,bridge
AccidentalComedy,51,0,0.001342633506283164,bridge
Conservatives_R_Us,51,0,0.0013408575905486941,bridge
BeatMeToIt,17,0,0.00134042848367244,bridge
ApexOutlands,17,29,0.0013386887731030583,bridge
Construction,25,0,0.0013336645206436515,bridge
BengaluruHookUp,7,9,0.0013328153872862458,bridge
ConservativesOnly,51,0,0.0013297233963385224,bridge
BlackPeopleTwitter,51,0,0.001329441205598414,bridge
BombPartyGossip,14,0,0.0013290175702422857,bridge
BroskiReport,10,17,0.0013289334019646049,bridge
BotTown2,22,0,0.001328700571320951,bridge
BikiniBottomTwitter,25,0,0.001328609767369926,bridge
AbolishTheMonarchy,22,0,0.001326321391388774,bridge
BikiniBottomTwitter,14,0,0.0013252109056338668,bridge
AntifascistsofReddit,51,0,0.0013232240453362465,bridge
ABizarreDay,17,29,0.001321631483733654,bridge
Arugal,4,29,0.0013192878104746342,bridge
BendyAndTheInkMachine,14,17,0.001318283029831946,bridge
BeatMeToIt,29,0,0.0013155799824744463,bridge
Behzinga,17,0,0.0013149860315024853,bridge
Corpuschristiwife,7,9,0.0013143022079020739,bridge
100gecs,10,0,0.0013136001070961356,bridge
ChaoticYigaClan,17,29,0.0013109063729643822,bridge
BillieEilish1,7,9,0.0013084086822345853,bridge
21stCenturyHumour,29,0,0.0013050329871475697,bridge
AmericanPolitics,22,0,0.00130463729146868,bridge
40kmemes,17,0,0.0013038176111876965,bridge
Choices,10,17,0.0013027171371504664,bridge
ComedySeizure,29,0,0.0013006080407649279,bridge
AnarchismZ,51,0,0.0013003211934119463,bridge
ASOUE,10,17,0.0012993811396881938,bridge
AnimeMirchi,17,0,0.0012970786774531007,bridge
ConservativeNewsWeb,22,0,0.0012937025167047977,bridge
AmongUsMemes,17,0,0.001292482833378017,bridge
ConservativesOnly,48,0,0.0012919817818328738,bridge
AlfaOxtrot,10,0,0.0012909711804240942,bridge
Cr1TiKaL,17,0,0.0012902660528197885,bridge
BikiniBottomTwitter,20,0,0.0012900487054139376,bridge
Conservatives_R_Us,48,0,0.0012897042324766517,bridge
CatfishMePlease,7,9,0.0012891406659036875,bridge
ChiknNuggit,29,17,0.001284793484956026,bridge
BearsNSFWLikes,17,9,0.0012841096613556147,bridge
ContestOfChampions,17,29,0.0012823507422581315,bridge
CoronavirusMemes,22,0,0.001282081357203424,bridge
AnimeMeme,10,0,0.001280803931877017,bridge
BritishPolitics,48,22,0.0012782132253050804,bridge
Blacksouls2,14,17,0.0012769645545631647,bridge
BikiniBottomTwitter,51,0,0.0012769207824021578,bridge
BashTheFash,48,0,0.001276784809306264,bridge
BeatMeToIt,14,0,0.0012752312468364835,bridge
BroadCity,10,17,0.0012744778068736196,bridge
559NSFW,7,9,0.0012728450819849968,bridge
Autoimmune,22,13,0.0012713819742202759,bridge
AnimalTextGifs,17,0,0.001271360320970416,bridge
AHomeForPlagueRats,42,0,0.0012673407327383757,bridge
CTAvsAEBattlefield,17,29,0.0012663396773859859,bridge
AgeOfCivilizations,33,29,0.0012653868179768324,bridge
661couplesSingles,7,9,0.0012633024016395211,bridge
ATC,25,0,0.0012632678262889385,bridge
2philippines4u,40,0,0.001260140910744667,bridge
CertifiedNews,22,0,0.0012592661660164595,bridge
BourbonHunt,26,24,0.0012561541516333818,bridge
Breath_of_the_Wild,0,29,0.0012554234126582742,bridge
AdoptMeRBX,14,29,0.0012546794023364782,bridge
CrazyHuman,14,0,0.0012543601915240288,bridge
CoronavirusMemes,51,0,0.0012540295720100403,bridge
BreitbartNews,42,0,0.0012507714563980699,bridge
AnimeFunny,10,0,0.001250652247108519,bridge
BloodGulchRP,29,0,0.0012497783172875643,bridge
BellaThorne,7,9,0.0012492603855207562,bridge
Argentinas_LO,7,8,0.0012491728411987424,bridge
90DayFiance,14,17,0.0012486375635489821,bridge
Bellapoarch,7,9,0.0012484848266467452,bridge
CallOfWar,0,29,0.0012482143938541412,bridge
CentaurWorld,14,17,0.0012476438423618674,bridge
AnotherEdenGlobal,14,29,0.0012450928334146738,bridge
Chang_Gang,10,17,0.0012442414881661534,bridge
5sos,17,10,0.0012442192528396845,bridge
Asphalt9,0,29,0.0012411723146215081,bridge
BG3,17,29,0.0012379582040011883,bridge
AnimeOT,14,0,0.00123763142619282,bridge
AARP_Politics,42,0,0.0012371980119496584,bridge
AlpharadTV,0,29,0.0012359718093648553,bridge
ChurchOfCurrentThing,51,0,0.0012353920610621572,bridge
AvatarMemebending,17,0,0.0012353518977761269,bridge
BreadTube,51,0,0.0012341788969933987,bridge
Asmongold,17,0,0.001231627888046205,bridge
AccidentalComedy,48,0,0.0012311304453760386,bridge
AQW,0,29,0.001230310183018446,bridge
CloneHero,24,29,0.0012276048073545098,bridge
ChiknNuggit,10,17,0.0012271717423573136,bridge
2westerneurope4u,33,0,0.0012256616028025746,bridge
BombPartyGossip,29,0,0.0012239075731486082,bridge
BountifulBlackGranny,7,9,0.0012208337429910898,bridge
AccidentalComedy,20,0,0.0012206464307382703,bridge
Choices,14,17,0.0012199461925774813,bridge
CSHFans,14,0,0.0012195606250315905,bridge
ChaoticYigaClan,0,29,0.001218057470396161,bridge
BloodGulchRP,17,0,0.0012174132280051708,bridge
AnimeOT,10,0,0.0012171920388936996,bridge
Census,20,0,0.001217153389006853,bridge
AUniversalTime,0,29,0.0012158302124589682,bridge
BreakingPointsNews,22,0,0.0012155006406828761,bridge
Aprilthenewbully,17,0,0.0012127538211643696,bridge
Alphachan,14,0,0.001209153444506228,bridge
ColdOnes,29,0,0.0012068718206137419,bridge
AmazonDS,25,0,0.0012059146538376808,bridge
AmongUs,14,0,0.0012055763509124517,bridge
ChiknNuggit,14,17,0.0012055389815941453,bridge
BashTheFash,51,0,0.001202876796014607,bridge
Blasphemous,29,17,0.0012026779586449265,bridge
AnarchistNews,51,0,0.0012018635170534253,bridge
ChuckleSandwich,10,0,0.001201547565869987,bridge
AnimalJam,14,29,0.0011976078385487199,bridge
BigLots,20,0,0.0011971330968663096,bridge
ChangedFurry,10,0,0.0011961156269535422,bridge
AgencySquad,15,0,0.0011960368137806654,bridge
CallOfDutyMobile,0,29,0.0011955529917031527,bridge
AccidentalSlapStick,14,0,0.001195031451061368,bridge
ChantelJeffries,7,9,0.0011946664890274405,bridge
BidenIsNotMyPresident,15,0,0.001194147509522736,bridge
Beyblade,17,29,0.0011931629851460457,bridge
AmericanFascism2020,48,0,0.0011922658886760473,bridge
AreYouGarbagePod,17,0,0.0011919633252546191,bridge
AdviceAnimals,51,0,0.0011918164091184735,bridge
AnimalCrossing,17,14,0.0011913900962099433,bridge
ComedyNecrophilia,17,0,0.001191191142424941,bridge
21stCenturyHumour,14,0,0.0011904982384294271,bridge
BikiniBottomTwitter,19,0,0.0011902296682819724,bridge
AvatarMemes,14,0,0.0011898288503289223,bridge
CancerCaregivers,22,13,0.0011870893649756908,bridge
CHICAGOTRIBauto,22,0,0.0011870843591168523,bridge
ChickFilAWorkers,25,0,0.0011869891313835979,bridge
40kscience,17,0,0.0011867164866998792,bridge
Alahnalyy,7,9,0.0011865670094266534,bridge
Breath_of_the_Wild,14,29,0.0011862785322591662,bridge
Altrive,10,0,0.0011853819014504552,bridge
AlienStage,10,17,0.0011846707202494144,bridge
Badfaketexts,14,0,0.0011842334643006325,bridge
AlpharadPlus,29,0,0.001183224725537002,bridge
Catherine_Paiz,7,9,0.0011828087735921144,bridge
ChickFilAWorkers,13,0,0.00118197500705719,bridge
ClappingDemCheeks,17,9,0.0011807176051661372,bridge
Angryupvote,17,0,0.0011790759162977338,bridge
AddisonsDisease,22,13,0.0011770048877224326,bridge
Altrive,14,0,0.0011750891571864486,bridge
AnimalRestaurant,20,14,0.001169428345747292,bridge
AnimalCrossingNewHor,26,14,0.0011692618718370795,bridge
BombPartyGossip,10,0,0.0011684190249070525,bridge
Angryupvote,14,0,0.0011678109876811504,bridge
BokuNoMetaAcademia,14,0,0.0011656897841021419,bridge
4PanelCringe,17,0,0.0011627465719357133,bridge
CommunismMemes,51,0,0.0011618506396189332,bridge
BackshotsHQ,7,9,0.0011601292062550783,bridge
AnimalRestaurant,29,14,0.0011598286218941212,bridge
ConservativeNewsWeb,51,0,0.0011576262768357992,bridge
Birates,14,0,0.0011572301154956222,bridge
BeautyGirlsNetwork,7,9,0.0011572081129997969,bridge
Angryupvote,29,0,0.001155577483586967,bridge
AmberHeardFans,7,9,0.0011550983181223273,bridge
BestForMyGuest,7,9,0.0011534009827300906,bridge
90DayFiance,51,17,0.0011529846815392375,bridge
BelleDelphineGoneWild,7,9,0.0011517019011080265,bridge
CartoonGangsters,29,0,0.0011507911840453744,bridge
CloneWarsMemes,29,0,0.0011501751141622663,bridge
Blockbench,14,29,0.0011493158526718616,bridge
AshleyTervort,7,9,0.001149074756540358,bridge
AroAceMemes,29,0,0.0011489803437143564,bridge
AKB48,10,17,0.001148932846263051,bridge
BikiniBottomTwitter,48,0,0.001147101167589426,bridge
Conservative_News,42,0,0.0011462508700788021,bridge
AnimaticBattle,0,17,0.001144816866144538,bridge
Alphachan,15,0,0.0011448138393461704,bridge
AEWFightForever,17,29,0.001144619076512754,bridge
ContestOfChampions,0,29,0.001143515924923122,bridge
AllTomorrows,29,0,0.0011434032348915935,bridge
AnimeMeme,9,0,0.0011432074243202806,bridge
AutoZone2,25,0,0.0011431999737396836,bridge
CoachCorySubmissions,14,0,0.0011429943842813373,bridge
Birates,17,0,0.001141033717431128,bridge
ClanGen,17,0,0.0011402468662708998,bridge
BigPPReacts,17,0,0.0011399156646803021,bridge
BlackMetalMemes,14,0,0.0011377292685210705,bridge
AnimalCrossing,29,14,0.0011373567394912243,bridge
BreakingPoints,48,0,0.0011359065538272262,bridge
Blacksouls2,10,17,0.0011343174846842885,bridge
BlackPeopleComedy,14,0,0.0011339148040860891,bridge
CrankGameplays,10,0,0.0011321644997224212,bridge
CrankGameplays,17,0,0.0011321406345814466,bridge
Cityofheroes,17,29,0.0011315041920170188,bridge
5555555,40,0,0.0011302130296826363,bridge
AnimalMemes,17,0,0.0011300164042040706,bridge
ChurchOfCurrentThing,42,0,0.0011293725110590458,bridge
AIfreakout,29,0,0.0011280844919383526,bridge
AnimeART,14,17,0.0011264374479651451,bridge
90dayfianceuncensored,14,17,0.0011248028604313731,bridge
CoronavirusMemes,29,0,0.0011241637403145432,bridge
CityMorgue,17,0,0.0011237130966037512,bridge
BendyAndTheInkMachine,10,17,0.0011231291573494673,bridge
4caucasus6you,40,0,0.0011229952797293663,bridge
CinnamonToastKen,15,0,0.001122231944464147,bridge
CSHFans,29,0,0.0011200620792806149,bridge
AgeOfCivilizations,0,29,0.0011198127176612616,bridge
AnotherEdenGlobal,10,29,0.0011194099206477404,bridge
AnimalJam,0,29,0.001117396168410778,bridge
BananaFish,14,17,0.0011173312086611986,bridge
2MiddleEast4you,40,0,0.0011168784694746137,bridge
CardiB,7,9,0.0011167008196935058,bridge
BitLifeApp,20,0,0.0011147320037707686,bridge
69Moelester420,29,0,0.0011137534165754914,bridge
Auscann,20,26,0.0011115276720374823,bridge
ChristiansAwake2NWO,22,0,0.0011112199863418937,bridge
CallMeCarson,10,0,0.0011099769035354257,bridge
BattleForDreamIsland,15,0,0.0011080187978222966,bridge
BitLifeApp,17,0,0.00110787118319422,bridge
AgencySquad,9,0,0.0011066242586821318,bridge
BotTown2,42,0,0.0011056631337851286,bridge
ChubbiesWithStuffies,14,9,0.0011054131900891662,bridge
AirForce,20,0,0.0011051566107198596,bridge
AdrianoStudies,17,0,0.001105123315937817,bridge
AHatInTime,29,0,0.0011048892047256231,bridge
Asked_Australia,22,25,0.0011025568237528205,bridge
AI_Girl,17,9,0.0011024940758943558,bridge
CadenMoranDiary,29,0,0.001100987079553306,bridge
CrazyHuman,51,0,0.0011007366701960564,bridge
BacktotheFuture,10,17,0.0010997316567227244,bridge
AsianGoddess,7,9,0.001099184388294816,bridge
Adastra_,14,17,0.0010978663340210915,bridge
BlueRyai,17,0,0.0010978252394124866,bridge
ConnorEatsPants,17,0,0.0010973396711051464,bridge
AmericanFascism2020,51,0,0.0010970470029860735,bridge
ARK,17,29,0.001096848282031715,bridge
AgeofCalamity,17,29,0.0010957358172163367,bridge
Bokoen1,17,0,0.0010949508287012577,bridge
Animemes,14,0,0.0010948380222544074,bridge
ChicasOnlyfans,8,9,0.001094717881642282,bridge
A_irsoft,17,0,0.0010942057706415653,bridge
Astuff,51,0,0.0010938289342448115,bridge
Badfaketexts,15,0,0.0010937446495518088,bridge
2mediterranean4u,40,0,0.001093527884222567,bridge
Borderlands2,14,29,0.0010934657184407115,bridge
Altrive,15,0,0.0010898852488026023,bridge
BloonsTDBattles,19,29,0.0010898573091253638,bridge
AluaGirls,7,9,0.0010890585836023092,bridge
AnotherEdenGlobal,0,29,0.0010889042168855667,bridge
ConservativeNewsWeb,48,0,0.0010867395903915167,bridge
ABoringDystopia,51,0,0.0010864422656595707,bridge
90dayfianceuncensored,0,17,0.0010863577481359243,bridge
Chainsawfolk,0,17,0.0010855328291654587,bridge
AntiHazbinHotel,29,0,0.001085486845113337,bridge
BlackCrossdressers,7,9,0.0010852545965462923,bridge
BlackwellAcademy,10,17,0.0010849388781934977,bridge
ConflictofNations,0,29,0.001084424671716988,bridge
BashTheFash,42,0,0.001083957962691784,bridge
BigPPReacts,29,0,0.00108365120831877,bridge
Badfaketexts,29,0,0.001083230716176331,bridge
BoomtownFestival,25,10,0.0010827191872522235,bridge
AlfaOxtrot,29,0,0.0010818453738465905,bridge
BashTheFash,22,0,0.0010801104363054037,bridge
BombRush_Cyberfunk,14,29,0.0010799560695886612,bridge
BreakingPointsNews,51,0,0.0010792111279442906,bridge
BTBaron_JJ_Legends,7,9,0.0010788575746119022,bridge
7_hydroxymitragynine,20,26,0.001078618224710226,bridge
BombRush_Cyberfunk,0,29,0.0010779921431094408,bridge
CrazyHuman,17,0,0.0010775200789794326,bridge
BokuNoMetaAcademia,10,0,0.0010762710589915514,bridge
2Caucasian4you,40,0,0.0010748787317425013,bridge
CadenMoranDiary,17,0,0.001074830535799265,bridge
AiUncensored,17,9,0.0010742687154561281,bridge
Blackmailers,7,9,0.0010739655699580908,bridge
Apandah,17,0,0.0010736677795648575,bridge
AsianHottie_NSFW,7,9,0.001073302235454321,bridge
Corridor,14,17,0.0010729458881542087,bridge
AntiHazbinHotel,17,0,0.0010728660272434354,bridge
CA2NWO,51,0,0.0010727104963734746,bridge
Aquascape,26,14,0.0010717037366703153,bridge
Bombstrap,14,0,0.0010712998919188976,bridge
AvaDevine,7,9,0.001070446684025228,bridge
CoachCorySubmissions,10,0,0.0010699465638026595,bridge
CODMobile,0,29,0.0010698923142626882,bridge
69Moelester420,17,0,0.0010691107017919421,bridge
BreakingPointsNews,48,0,0.001068853191100061,bridge
2easterneuropean4u,40,0,0.0010681302519515157,bridge
AnimeMeme,7,0,0.001065076095983386,bridge
ComedySeizure,14,0,0.001065039774402976,bridge
AmericanPolitics,42,0,0.0010646517621353269,bridge
BearsNSFWLikes,0,9,0.00106422312092036,bridge
BSTsquishmallow,4,26,0.0010641721310093999,bridge
BigMouth,51,17,0.0010618456872180104,bridge
2hollis,10,0,0.0010614768834784627,bridge
CartoonGangsters,26,0,0.0010613700142130256,bridge
ActionTaimaninGame,29,17,0.0010592122562229633,bridge
A_irsoft,20,0,0.001058266032487154,bridge
AroAceMemes,17,0,0.001057643094100058,bridge
BombPartyGossip,51,0,0.001057552290149033,bridge
BrookeMonk,7,9,0.0010565652046352625,bridge
CoronavirusMemes,15,0,0.0010553832398727536,bridge
Anarchy4Everyone,51,0,0.0010552778840065002,bridge
BritishMemes,15,0,0.0010538598289713264,bridge
Askasurvivor,29,0,0.0010537441121414304,bridge
Ceramics,24,14,0.0010524019598960876,bridge
ComedyNecrophilia,14,0,0.0010513702873140574,bridge
AquariumMemes,14,0,0.0010513300076127052,bridge
CinnamonToastKen,51,0,0.0010508320992812514,bridge
7hydromitra,20,26,0.0010494961170479655,bridge
AlanBecker,10,0,0.0010494535090401769,bridge
BestOfReports,51,0,0.0010484042577445507,bridge
BlueRyai,10,0,0.0010480559431016445,bridge
CelebsARG,7,8,0.0010477871401235461,bridge
AquaJail,29,0,0.0010472837602719665,bridge
CallMeCarson,14,0,0.0010465435916557908,bridge
2islamist4you,40,0,0.001045619952492416,bridge
BreitbartNews,51,0,0.0010456065647304058,bridge
AmongUs,15,0,0.0010450320551171899,bridge
AnimeFunny,9,0,0.0010449556866660714,bridge
Asmongold,15,0,0.0010441007325425744,bridge
AmericanFascism2020,22,0,0.001043779426254332,bridge
AInsfw,14,9,0.0010436673182994127,bridge
ClappingDemCheeks,0,9,0.0010424653301015496,bridge
Astuff,48,0,0.0010416527511551976,bridge
AIfreakout,15,0,0.0010412372648715973,bridge
2balkan4you,40,0,0.0010400370229035616,bridge
Bombstrap,48,0,0.0010397153673693538,bridge
AccurateBattleSim,14,29,0.0010388502851128578,bridge
CowChop,10,17,0.0010384892811998725,bridge
AARP_Politics,51,0,0.0010373363038524985,bridge
AnimalRestaurant,0,14,0.0010373196564614773,bridge
AnimeMeme,51,0,0.001033495762385428,bridge
CA2NWO,48,0,0.0010298863053321838,bridge
Alphachan,10,0,0.0010273393709212542,bridge
21stCenturyHumour,10,0,0.0010265009477734566,bridge
AreYouGarbagePod,10,0,0.00102617300581187,bridge
Aprilthenewbully,9,0,0.001024463097564876,bridge
Bokoen1,29,0,0.0010241185082122684,bridge
CloneHero,10,29,0.0010227463208138943,bridge
COMPLETEANARCHY,22,0,0.0010219726245850325,bridge
CharliDamelioMommy,7,9,0.0010208815801888704,bridge
BitLifeApp,15,0,0.0010208000894635916,bridge
CampCamp,0,17,0.001020775525830686,bridge
AI_Girl,14,9,0.0010205856524407864,bridge
AInsfw,17,9,0.0010187368607148528,bridge
BroskiReport,0,17,0.0010187155567109585,bridge
BlackCountryNewRoad,17,10,0.0010179862147197127,bridge
CloneWarsMemes,17,0,0.0010170468594878912,bridge
Birates,29,0,0.0010161394020542502,bridge
AdoptMeTrading,4,29,0.001016134163364768,bridge
Arrangedmarriage,15,13,0.001016033347696066,bridge
BeatMeToIt,15,0,0.0010151014430448413,bridge
CallMeCarson,29,0,0.001013956149108708,bridge
BlackMetalCringe,10,0,0.001012973254546523,bridge
AmongUsMemes,14,0,0.001012361142784357,bridge
AmazonFC,3,0,0.0010122087551280856,bridge
Baddiescentral,7,9,0.0010083371307700872,bridge
ContraPoints,51,0,0.00100832583848387,bridge
AtlantaTV,10,17,0.0010082804365083575,bridge
AnythingGoesHereSub,7,9,0.0010063216323032975,bridge
AnarchismZ,22,0,0.0010061280336230993,bridge
Connery,0,29,0.001006090547889471,bridge
AntifascistsofReddit,22,0,0.0010056247701868415,bridge
Barcelona,25,8,0.0010053185978904366,bridge
BreitbartNews,48,0,0.0010047919349744916,bridge
BestOfReports,48,0,0.0010044946102425456,bridge
Catmemes,17,0,0.0010034694569185376,bridge
BikiniBottomTwitter,10,0,0.0010033976286649704,bridge
ChristiansAwake2NWO,48,0,0.001003132201731205,bridge
ChristiansAwake2NWO,51,0,0.0010030686389654875,bridge
4bmovement,13,0,0.0010027587413787842,bridge
CampCamp,10,17,0.0010006824741140008,bridge
420,14,9,0.0010001511545851827,bridge
