seed_subreddit,rank,subreddit,community_id,community_name,ppr_score,score_per_degree,weighted_degree,cluster_size,cluster_conductance,cluster_cut,cluster_volume,alpha,epsilon,min_edge_weight
CapeIndependence,1,CapeIndependence,48,Chủ nghĩa phân biệt da màu,0.320110034992,0.212612935037,1.5056,3,0.179777718846,0.7457,4.1479,0.15,0.0001,0.7361
CapeIndependence,2,AfricaVoice,48,Chủ nghĩa phân biệt da màu,0.171089953176,0.100576070294,1.7011,3,0.179777718846,0.7457,4.1479,0.15,0.0001,0.7361
CapeIndependence,3,Africa,48,Chủ nghĩa phân biệt da màu,0.0699556758507,0.0743260474402,0.9412,3,0.179777718846,0.7457,4.1479,0.15,0.0001,0.7361
CostaRicaTravel,1,CostaRicaTravel,24,Học tập & Địa lý,0.329094066167,0.107315615394,3.0666,8,0.293928885668,4.5432,15.4568,0.15,0.0001,0.7361
CostaRicaTravel,2,CaminoDeSantiago,24,Học tập & Địa lý,0.0690330894434,0.0452201555374,1.5266,8,0.293928885668,4.5432,15.4568,0.15,0.0001,0.7361
CostaRicaTravel,3,Aruba,24,Học tập & Địa lý,0.0694130433742,0.0437495546289,1.5866,8,0.293928885668,4.5432,15.4568,0.15,0.0001,0.7361
CostaRicaTravel,4,AllInclusiveResorts,24,Học tập & Địa lý,0.0619113682013,0.0276390036613,2.24,8,0.293928885668,4.5432,15.4568,0.15,0.0001,0.7361
CostaRicaTravel,5,Barcelona,8,Reddit Nam Mỹ,0.0335453950822,0.0141362811134,2.373,8,0.293928885668,4.5432,15.4568,0.15,0.0001,0.7361
CostaRicaTravel,6,Barbados,24,Học tập & Địa lý,0.0334235457278,0.0109273697086,3.0587,8,0.293928885668,4.5432,15.4568,0.15,0.0001,0.7361
CostaRicaTravel,7,AskBarcelona,8,Reddit Nam Mỹ,0.00898205468835,0.0104357554181,0.8607,8,0.293928885668,4.5432,15.4568,0.15,0.0001,0.7361
CostaRicaTravel,8,AskTheCaribbean,24,Học tập & Địa lý,0.00600340636657,0.008062592488,0.7446,8,0.293928885668,4.5432,15.4568,0.15,0.0001,0.7361
BlackHair,1,BlackHair,9,Hookup & Attraction,0.284480526521,0.0718494030715,3.9594,6,0.357315117955,5.3042,14.8446,0.15,0.0001,0.7361
BlackHair,2,Barber,9,Hookup & Attraction,0.0555428111527,0.0236453006184,2.349,6,0.357315117955,5.3042,14.8446,0.15,0.0001,0.7361
BlackHair,3,360Waves,9,Hookup & Attraction,0.0573623678652,0.0126518820144,4.5339,6,0.357315117955,5.3042,14.8446,0.15,0.0001,0.7361
BlackHair,4,BeardAdvice,77,Chăm sóc râu tóc nam,0.0205922349642,0.00868760703884,2.3703,6,0.357315117955,5.3042,14.8446,0.15,0.0001,0.7361
BlackHair,5,BeardTalk,77,Chăm sóc râu tóc nam,0.00541968221064,0.00639716974816,0.8472,6,0.357315117955,5.3042,14.8446,0.15,0.0001,0.7361
BlackHair,6,Balding,77,Chăm sóc râu tóc nam,0.00502026778484,0.00639687536294,0.7848,6,0.357315117955,5.3042,14.8446,0.15,0.0001,0.7361
ConservativeKiwi,1,ConservativeKiwi,0,Anime & Pop Culture,0.270965223239,0.0114428364663,23.6799,14,0.357450679848,34.6542,96.9482,0.15,0.0001,0.7361
ConservativeKiwi,2,CapeIndependence,48,Chủ nghĩa phân biệt da màu,0.00758176041475,0.00503570697047,1.5056,14,0.357450679848,34.6542,96.9482,0.15,0.0001,0.7361
ConservativeKiwi,3,AfricaVoice,48,Chủ nghĩa phân biệt da màu,0.00397939056721,0.00233930431321,1.7011,14,0.357450679848,34.6542,96.9482,0.15,0.0001,0.7361
ConservativeKiwi,4,ABC_NEWS_TOP_STORIES,21,Politics & Conspiracy,0.0119380330801,0.0017828870025,6.6959,14,0.357450679848,34.6542,96.9482,0.15,0.0001,0.7361
ConservativeKiwi,5,Africa,48,Chủ nghĩa phân biệt da màu,0.00161677376427,0.00171777918005,0.9412,14,0.357450679848,34.6542,96.9482,0.15,0.0001,0.7361
ConservativeKiwi,6,AusNews,21,Politics & Conspiracy,0.0117968222405,0.0017048416441,6.9196,14,0.357450679848,34.6542,96.9482,0.15,0.0001,0.7361
ConservativeKiwi,7,Australia_,21,Politics & Conspiracy,0.0124208435026,0.00149425478834,8.3124,14,0.357450679848,34.6542,96.9482,0.15,0.0001,0.7361
ConservativeKiwi,8,AustraliaLeftPolitics,21,Politics & Conspiracy,0.0148514066514,0.00138076838306,10.7559,14,0.357450679848,34.6542,96.9482,0.15,0.0001,0.7361
ConservativeKiwi,9,AusPol,21,Politics & Conspiracy,0.0147375910964,0.00120413026149,12.2392,14,0.357450679848,34.6542,96.9482,0.15,0.0001,0.7361
ConservativeKiwi,10,ABCaus,21,Politics & Conspiracy,0.00445376564548,0.0010771938387,4.1346,14,0.357450679848,34.6542,96.9482,0.15,0.0001,0.7361
ConservativeKiwi,11,BrexitMemes,0,Anime & Pop Culture,0.00964918695622,0.00102997170875,9.3684,14,0.357450679848,34.6542,96.9482,0.15,0.0001,0.7361
ConservativeKiwi,12,AustralianPolitics,21,Politics & Conspiracy,0.00601126201308,0.000998150573373,6.0224,14,0.357450679848,34.6542,96.9482,0.15,0.0001,0.7361
ConservativeKiwi,13,Albertapolitics,21,Politics & Conspiracy,0.00143617378973,0.000931189645159,1.5423,14,0.357450679848,34.6542,96.9482,0.15,0.0001,0.7361
ConservativeKiwi,14,BritishPolitics,21,Politics & Conspiracy,0.00259637216005,0.000829591385771,3.1297,14,0.357450679848,34.6542,96.9482,0.15,0.0001,0.7361
Chriswatts,1,Chriswatts,0,Anime & Pop Culture,0.278284674927,0.019234229201,14.4682,8,0.396128829115,13.5871,34.2997,0.15,0.0001,0.7361
Chriswatts,2,Columbine,0,Anime & Pop Culture,0.0106263749981,0.0142025862044,0.7482,8,0.396128829115,13.5871,34.2997,0.15,0.0001,0.7361
Chriswatts,3,AshaDegree,21,Politics & Conspiracy,0.0177681541664,0.0056198102813,3.1617,8,0.396128829115,13.5871,34.2997,0.15,0.0001,0.7361
Chriswatts,4,BryanKohberger,21,Politics & Conspiracy,0.0204259534343,0.00501952508646,4.0693,8,0.396128829115,13.5871,34.2997,0.15,0.0001,0.7361
Chriswatts,5,AndrewGosden,21,Politics & Conspiracy,0.00799407992168,0.00343491596343,2.3273,8,0.396128829115,13.5871,34.2997,0.15,0.0001,0.7361
Chriswatts,6,BryanKohbergerMoscow,21,Politics & Conspiracy,0.0214868735203,0.00337620966033,6.3642,8,0.396128829115,13.5871,34.2997,0.15,0.0001,0.7361
Chriswatts,7,CourtTVCases,21,Politics & Conspiracy,0.0058408327032,0.00246959228075,2.3651,8,0.396128829115,13.5871,34.2997,0.15,0.0001,0.7361
Chriswatts,8,Casefile,21,Politics & Conspiracy,0.00144321412683,0.0018137666543,0.7957,8,0.396128829115,13.5871,34.2997,0.15,0.0001,0.7361
2islamist4you,1,2islamist4you,0,Anime & Pop Culture,0.266994897331,0.0100884893551,26.4653,25,0.449333621766,141.8677,315.7291,0.15,0.0001,0.7361
2islamist4you,2,Afghan,33,Xung đột Afghanistan,0.00787970701383,0.00314258076646,2.5074,25,0.449333621766,141.8677,315.7291,0.15,0.0001,0.7361
2islamist4you,3,AfghanCivilwar,33,Xung đột Afghanistan,0.00331394992399,0.00177131323106,1.8709,25,0.449333621766,141.8677,315.7291,0.15,0.0001,0.7361
2islamist4you,4,AfghanConflict,33,Xung đột Afghanistan,0.00323858320014,0.00176019522808,1.8399,25,0.449333621766,141.8677,315.7291,0.15,0.0001,0.7361
2islamist4you,5,AskMiddleEast,21,Politics & Conspiracy,0.00628208703925,0.000855357420517,7.3444,25,0.449333621766,141.8677,315.7291,0.15,0.0001,0.7361
2islamist4you,6,2balkan4you,7,Nostalgia & Culture,0.00901397383072,0.000642757993905,14.0239,25,0.449333621766,141.8677,315.7291,0.15,0.0001,0.7361
2islamist4you,7,2asians4u_irl,7,Nostalgia & Culture,0.00864101609824,0.000628949842653,13.7388,25,0.449333621766,141.8677,315.7291,0.15,0.0001,0.7361
2islamist4you,8,2Caucasian4you,7,Nostalgia & Culture,0.00947173129334,0.000583019284337,16.246,25,0.449333621766,141.8677,315.7291,0.15,0.0001,0.7361
2islamist4you,9,2easterneuropean4u,7,Nostalgia & Culture,0.00921935621518,0.000569697409932,16.1829,25,0.449333621766,141.8677,315.7291,0.15,0.0001,0.7361
2islamist4you,10,2mediterranean4u,7,Nostalgia & Culture,0.0102423903833,0.000568497407019,18.0166,25,0.449333621766,141.8677,315.7291,0.15,0.0001,0.7361
2islamist4you,11,4caucasus6you,7,Nostalgia & Culture,0.00970361378731,0.000546297750165,17.7625,25,0.449333621766,141.8677,315.7291,0.15,0.0001,0.7361
2islamist4you,12,Asia_irl,7,Nostalgia & Culture,0.0100531641386,0.000497408064807,20.2111,25,0.449333621766,141.8677,315.7291,0.15,0.0001,0.7361
2islamist4you,13,2Asia4u,7,Nostalgia & Culture,0.00970687448231,0.000480241161771,20.2125,25,0.449333621766,141.8677,315.7291,0.15,0.0001,0.7361
2islamist4you,14,2MiddleEast4you,7,Nostalgia & Culture,0.0110300298803,0.000448145660363,24.6126,25,0.449333621766,141.8677,315.7291,0.15,0.0001,0.7361
2islamist4you,15,AskLevant,7,Nostalgia & Culture,0.0010843611217,0.000350506229338,3.0937,25,0.449333621766,141.8677,315.7291,0.15,0.0001,0.7361
2islamist4you,16,AmazighPeople,7,Nostalgia & Culture,0.000501175390728,0.000328187669915,1.5271,25,0.449333621766,141.8677,315.7291,0.15,0.0001,0.7361
2islamist4you,17,AskCaucasus,7,Nostalgia & Culture,0.00072163474913,0.000297999153093,2.4216,25,0.449333621766,141.8677,315.7291,0.15,0.0001,0.7361
2islamist4you,18,AskARussian,7,Nostalgia & Culture,0.00045996078925,0.00029152033797,1.5778,25,0.449333621766,141.8677,315.7291,0.15,0.0001,0.7361
2islamist4you,19,ANormalDayInRussia,7,Nostalgia & Culture,0.000891003954389,0.000284411374613,3.1328,25,0.449333621766,141.8677,315.7291,0.15,0.0001,0.7361
2islamist4you,20,AskBalkans,7,Nostalgia & Culture,0.00194966376964,0.000276787542361,7.0439,25,0.449333621766,141.8677,315.7291,0.15,0.0001,0.7361
2islamist4you,21,Chodi,7,Nostalgia & Culture,0.00785784609228,0.000276736366022,28.3947,25,0.449333621766,141.8677,315.7291,0.15,0.0001,0.7361
2islamist4you,22,BalticStates,7,Nostalgia & Culture,0.00127467846238,0.000268302524233,4.7509,25,0.449333621766,141.8677,315.7291,0.15,0.0001,0.7361
2islamist4you,23,2american4you,0,Anime & Pop Culture,0.00789881399217,0.000266494397452,29.6397,25,0.449333621766,141.8677,315.7291,0.15,0.0001,0.7361
2islamist4you,24,2visegrad4you,7,Nostalgia & Culture,0.00353113784877,0.000200701253198,17.594,25,0.449333621766,141.8677,315.7291,0.15,0.0001,0.7361
2islamist4you,25,2westerneurope4u,7,Nostalgia & Culture,0.00304306225708,0.000196097605833,15.5181,25,0.449333621766,141.8677,315.7291,0.15,0.0001,0.7361
Aliexpress,1,Aliexpress,24,Học tập & Địa lý,0.282633798843,0.0453345628839,6.2344,12,0.492338496128,25.0073,50.7929,0.15,0.0001,0.7361
Aliexpress,2,Buyee,24,Học tập & Địa lý,0.0336135051981,0.0147117932414,2.2848,12,0.492338496128,25.0073,50.7929,0.15,0.0001,0.7361
Aliexpress,3,Bricklink,24,Học tập & Địa lý,0.00805648400118,0.0108504835033,0.7425,12,0.492338496128,25.0073,50.7929,0.15,0.0001,0.7361
Aliexpress,4,AgMarketplace,26,Cannabis & Fitness,0.0259921416756,0.00869360548385,2.9898,12,0.492338496128,25.0073,50.7929,0.15,0.0001,0.7361
Aliexpress,5,BehindTheClosetDoor,24,Học tập & Địa lý,0.036390862089,0.00476382538147,7.639,12,0.492338496128,25.0073,50.7929,0.15,0.0001,0.7361
Aliexpress,6,AmazonSeller,24,Học tập & Địa lý,0.0127146460355,0.00378288240026,3.3611,12,0.492338496128,25.0073,50.7929,0.15,0.0001,0.7361
Aliexpress,7,AmazonWTF,0,Anime & Pop Culture,0.0326614248846,0.00327039400066,9.987,12,0.492338496128,25.0073,50.7929,0.15,0.0001,0.7361
Aliexpress,8,AmazonVine,24,Học tập & Địa lý,0.0313990507677,0.00295231498276,10.6354,12,0.492338496128,25.0073,50.7929,0.15,0.0001,0.7361
Aliexpress,9,AmazonMerch,24,Học tập & Địa lý,0.00579822446018,0.0025110322031,2.3091,12,0.492338496128,25.0073,50.7929,0.15,0.0001,0.7361
Aliexpress,10,AmazonFBATips,24,Học tập & Địa lý,0.00410320115111,0.00215742213108,1.9019,12,0.492338496128,25.0073,50.7929,0.15,0.0001,0.7361
Aliexpress,11,AmazonFBA,24,Học tập & Địa lý,0.00409613629169,0.00215268882262,1.9028,12,0.492338496128,25.0073,50.7929,0.15,0.0001,0.7361
Aliexpress,12,Amazon_Influencer,24,Học tập & Địa lý,0.00148497650151,0.00184446218049,0.8051,12,0.492338496128,25.0073,50.7929,0.15,0.0001,0.7361
CoinWithUs,1,CoinWithUs,29,Game Chiến Tranh & Anime,0.264661089359,0.0130744612529,20.2426,80,0.599187692414,1579.4862,2636.0458,0.15,0.0001,0.7361
CoinWithUs,2,CoinstarFinds,50,Ô tô và Công nghệ,0.0083128812398,0.00174113631866,4.7744,80,0.599187692414,1579.4862,2636.0458,0.15,0.0001,0.7361
CoinWithUs,3,Bovada,29,Game Chiến Tranh & Anime,0.00864749188401,0.00107613423647,8.0357,80,0.599187692414,1579.4862,2636.0458,0.15,0.0001,0.7361
CoinWithUs,4,CRH,50,Ô tô và Công nghệ,0.00175122740736,0.000524712331794,3.3375,80,0.599187692414,1579.4862,2636.0458,0.15,0.0001,0.7361
CoinWithUs,5,AkitaInuASA,3,Crypto & Finance,0.00828987023428,0.000471012678012,17.6001,80,0.599187692414,1579.4862,2636.0458,0.15,0.0001,0.7361
CoinWithUs,6,Bankstraphunting,50,Ô tô và Công nghệ,0.00182919964631,0.000445983090653,4.1015,80,0.599187692414,1579.4862,2636.0458,0.15,0.0001,0.7361
CoinWithUs,7,AmazonFlexUK,24,Học tập & Địa lý,0.00714905084558,0.000424820591713,16.8284,80,0.599187692414,1579.4862,2636.0458,0.15,0.0001,0.7361
CoinWithUs,8,CURRENCY,50,Ô tô và Công nghệ,0.00167376811364,0.000421285706933,3.973,80,0.599187692414,1579.4862,2636.0458,0.15,0.0001,0.7361
CoinWithUs,9,ChumbaCasino,29,Game Chiến Tranh & Anime,0.0101548071389,0.000406817156709,24.9616,80,0.599187692414,1579.4862,2636.0458,0.15,0.0001,0.7361
CoinWithUs,10,BABYDOGEARMY,3,Crypto & Finance,0.00905272407251,0.000376537895038,24.042,80,0.599187692414,1579.4862,2636.0458,0.15,0.0001,0.7361
CoinWithUs,11,BabyDogeCoin,3,Crypto & Finance,0.00895155466035,0.000374291464306,23.916,80,0.599187692414,1579.4862,2636.0458,0.15,0.0001,0.7361
CoinWithUs,12,Banknotes,50,Ô tô và Công nghệ,0.000457488143863,0.000307596412199,1.4873,80,0.599187692414,1579.4862,2636.0458,0.15,0.0001,0.7361
CoinWithUs,13,AerodromeFinance,3,Crypto & Finance,0.00880012188618,0.000277853544357,31.6718,80,0.599187692414,1579.4862,2636.0458,0.15,0.0001,0.7361
CoinWithUs,14,BettingPicks,29,Game Chiến Tranh & Anime,0.000839868105861,0.000270785435214,3.1016,80,0.599187692414,1579.4862,2636.0458,0.15,0.0001,0.7361
CoinWithUs,15,CanaryWharfBets,3,Crypto & Finance,0.0088460907507,0.000260950478641,33.8995,80,0.599187692414,1579.4862,2636.0458,0.15,0.0001,0.7361
CoinWithUs,16,ASX_Bets,3,Crypto & Finance,0.0101677514491,0.000257411429092,39.5,80,0.599187692414,1579.4862,2636.0458,0.15,0.0001,0.7361
CoinWithUs,17,AltStreetBets,3,Crypto & Finance,0.00859079675927,0.000243239248754,35.3183,80,0.599187692414,1579.4862,2636.0458,0.15,0.0001,0.7361
CoinWithUs,18,CoinMarketCap,3,Crypto & Finance,0.00839563604021,0.000164441041535,51.0556,80,0.599187692414,1579.4862,2636.0458,0.15,0.0001,0.7361
CoinWithUs,19,AdventureCapitalist,29,Game Chiến Tranh & Anime,0.0085576142147,0.00012594821165,67.9455,80,0.599187692414,1579.4862,2636.0458,0.15,0.0001,0.7361
CoinWithUs,20,BourbonHunt,50,Ô tô và Công nghệ,0.00134902891989,0.000124383757608,10.8457,80,0.599187692414,1579.4862,2636.0458,0.15,0.0001,0.7361
CoinWithUs,21,BoardKings,29,Game Chiến Tranh & Anime,0.00844751384594,0.000114996465315,73.4589,80,0.599187692414,1579.4862,2636.0458,0.15,0.0001,0.7361
CoinWithUs,22,AtlasEarthOfficial,29,Game Chiến Tranh & Anime,0.0102178919603,0.000114567312207,89.1868,80,0.599187692414,1579.4862,2636.0458,0.15,0.0001,0.7361
CoinWithUs,23,8BallPool,29,Game Chiến Tranh & Anime,0.00819028063389,0.000107024998221,76.5268,80,0.599187692414,1579.4862,2636.0458,0.15,0.0001,0.7361
CoinWithUs,24,CLOV,3,Crypto & Finance,0.00126140891451,9.57593291059e-05,13.1727,80,0.599187692414,1579.4862,2636.0458,0.15,0.0001,0.7361
CoinWithUs,25,CSRRacing2,29,Game Chiến Tranh & Anime,0.00634165505076,8.7854391653e-05,72.1837,80,0.599187692414,1579.4862,2636.0458,0.15,0.0001,0.7361
CoinWithUs,26,CLNE,3,Crypto & Finance,0.00115811887621,8.27582446914e-05,13.994,80,0.599187692414,1579.4862,2636.0458,0.15,0.0001,0.7361
CoinWithUs,27,CCIV,3,Crypto & Finance,0.000581394680502,7.57793958059e-05,7.6722,80,0.599187692414,1579.4862,2636.0458,0.15,0.0001,0.7361
CoinWithUs,28,AMCSTOCKS,3,Crypto & Finance,0.00124523891881,7.40398322569e-05,16.8185,80,0.599187692414,1579.4862,2636.0458,0.15,0.0001,0.7361
CoinWithUs,29,AdventureCommunist,29,Game Chiến Tranh & Anime,0.00697072048775,7.00814397659e-05,99.466,80,0.599187692414,1579.4862,2636.0458,0.15,0.0001,0.7361
CoinWithUs,30,Antiques,50,Ô tô và Công nghệ,0.000214201813323,6.89372468211e-05,3.1072,80,0.599187692414,1579.4862,2636.0458,0.15,0.0001,0.7361
CoinWithUs,31,CastleClash,29,Game Chiến Tranh & Anime,0.00658587761934,6.52552952231e-05,100.9248,80,0.599187692414,1579.4862,2636.0458,0.15,0.0001,0.7361
CoinWithUs,32,CEI_stock,3,Crypto & Finance,0.00179309653904,6.392706144e-05,28.0491,80,0.599187692414,1579.4862,2636.0458,0.15,0.0001,0.7361
CoinWithUs,33,Ankrofficial,3,Crypto & Finance,0.00121360187545,6.31324747543e-05,19.2231,80,0.599187692414,1579.4862,2636.0458,0.15,0.0001,0.7361
CoinWithUs,34,CTRM,3,Crypto & Finance,0.00141100190102,6.31250151447e-05,22.3525,80,0.599187692414,1579.4862,2636.0458,0.15,0.0001,0.7361
CoinWithUs,35,Asphalt8,29,Game Chiến Tranh & Anime,0.00644296662933,6.21381361099e-05,103.6878,80,0.599187692414,1579.4862,2636.0458,0.15,0.0001,0.7361
CoinWithUs,36,AITX,3,Crypto & Finance,0.000982284886328,5.83824598115e-05,16.825,80,0.599187692414,1579.4862,2636.0458,0.15,0.0001,0.7361
CoinWithUs,37,ATERstock,3,Crypto & Finance,0.000820599277832,5.77956007291e-05,14.1983,80,0.599187692414,1579.4862,2636.0458,0.15,0.0001,0.7361
CoinWithUs,38,BNGO,3,Crypto & Finance,0.00108245122861,5.59166470509e-05,19.3583,80,0.599187692414,1579.4862,2636.0458,0.15,0.0001,0.7361
CoinWithUs,39,AlienInvasionRPG,29,Game Chiến Tranh & Anime,0.0066692858347,5.52830916314e-05,120.6388,80,0.599187692414,1579.4862,2636.0458,0.15,0.0001,0.7361
CoinWithUs,40,AMCstockForever,3,Crypto & Finance,0.00138538514359,5.52150854137e-05,25.0907,80,0.599187692414,1579.4862,2636.0458,0.15,0.0001,0.7361
CoinWithUs,41,BLOOKET,29,Game Chiến Tranh & Anime,0.00645801775479,5.41716842985e-05,119.2139,80,0.599187692414,1579.4862,2636.0458,0.15,0.0001,0.7361
CoinWithUs,42,BlackDesertMobile,29,Game Chiến Tranh & Anime,0.00750696292758,5.21917074606e-05,143.8344,80,0.599187692414,1579.4862,2636.0458,0.15,0.0001,0.7361
CoinWithUs,43,CitadelLLC,3,Crypto & Finance,0.000446482208308,5.18327596452e-05,8.6139,80,0.599187692414,1579.4862,2636.0458,0.15,0.0001,0.7361
CoinWithUs,44,AngryBirds2,29,Game Chiến Tranh & Anime,0.00647129535981,5.15507566551e-05,125.5325,80,0.599187692414,1579.4862,2636.0458,0.15,0.0001,0.7361
CoinWithUs,45,Bowling,29,Game Chiến Tranh & Anime,0.000222373829025,4.8752291896e-05,4.5613,80,0.599187692414,1579.4862,2636.0458,0.15,0.0001,0.7361
CoinWithUs,46,BB_Stock,3,Crypto & Finance,0.000423103231952,4.83248317555e-05,8.7554,80,0.599187692414,1579.4862,2636.0458,0.15,0.0001,0.7361
CoinWithUs,47,BSCARMY,3,Crypto & Finance,0.00106584925228,4.82476847016e-05,22.0912,80,0.599187692414,1579.4862,2636.0458,0.15,0.0001,0.7361
CoinWithUs,48,Avax,3,Crypto & Finance,0.000245528577,4.6416351967e-05,5.2897,80,0.599187692414,1579.4862,2636.0458,0.15,0.0001,0.7361
CoinWithUs,49,BBIG,3,Crypto & Finance,0.00147832240869,4.54510419082e-05,32.5256,80,0.599187692414,1579.4862,2636.0458,0.15,0.0001,0.7361
CoinWithUs,50,Baystreetbets,3,Crypto & Finance,0.00160892282192,4.53356896039e-05,35.4891,80,0.599187692414,1579.4862,2636.0458,0.15,0.0001,0.7361
CoinWithUs,51,BBBY,3,Crypto & Finance,0.00145661227094,4.50557631034e-05,32.3291,80,0.599187692414,1579.4862,2636.0458,0.15,0.0001,0.7361
CoinWithUs,52,ArkInvestorsClub,3,Crypto & Finance,0.00040130824887,4.38473240757e-05,9.1524,80,0.599187692414,1579.4862,2636.0458,0.15,0.0001,0.7361
CoinWithUs,53,ConfusedMoney,3,Crypto & Finance,0.000820253306567,4.02912504884e-05,20.3581,80,0.599187692414,1579.4862,2636.0458,0.15,0.0001,0.7361
CoinWithUs,54,BuyItForLife,50,Ô tô và Công nghệ,2.98640638949e-05,3.89819395574e-05,0.7661,80,0.599187692414,1579.4862,2636.0458,0.15,0.0001,0.7361
CoinWithUs,55,AlchemyPay,3,Crypto & Finance,0.00148841689518,3.84441926314e-05,38.7163,80,0.599187692414,1579.4862,2636.0458,0.15,0.0001,0.7361
CoinWithUs,56,Bitcoin,3,Crypto & Finance,0.000825194508829,3.82991974765e-05,21.546,80,0.599187692414,1579.4862,2636.0458,0.15,0.0001,0.7361
CoinWithUs,57,ASX,3,Crypto & Finance,0.000559853860684,3.80203774972e-05,14.7251,80,0.599187692414,1579.4862,2636.0458,0.15,0.0001,0.7361
CoinWithUs,58,Algonauts,3,Crypto & Finance,0.000715434225788,3.78442517357e-05,18.9047,80,0.599187692414,1579.4862,2636.0458,0.15,0.0001,0.7361
CoinWithUs,59,AllCryptoBets,3,Crypto & Finance,0.00110702319224,3.75193419593e-05,29.5054,80,0.599187692414,1579.4862,2636.0458,0.15,0.0001,0.7361
CoinWithUs,60,Burryology,3,Crypto & Finance,0.000373736384966,3.70976321137e-05,10.0744,80,0.599187692414,1579.4862,2636.0458,0.15,0.0001,0.7361
CoinWithUs,61,Bogleheads,3,Crypto & Finance,0.000137076103265,3.63896315976e-05,3.7669,80,0.599187692414,1579.4862,2636.0458,0.15,0.0001,0.7361
CoinWithUs,62,BSCMoonShots,3,Crypto & Finance,0.00101244928844,3.62517334903e-05,27.9283,80,0.599187692414,1579.4862,2636.0458,0.15,0.0001,0.7361
CoinWithUs,63,CardanoStakePools,3,Crypto & Finance,7.73070558502e-05,3.48386912349e-05,2.219,80,0.599187692414,1579.4862,2636.0458,0.15,0.0001,0.7361
CoinWithUs,64,BSCcryptoListings,3,Crypto & Finance,0.000990809638282,3.35280081444e-05,29.5517,80,0.599187692414,1579.4862,2636.0458,0.15,0.0001,0.7361
CoinWithUs,65,AwardBonanza,29,Game Chiến Tranh & Anime,0.000253484783647,3.32351886256e-05,7.627,80,0.599187692414,1579.4862,2636.0458,0.15,0.0001,0.7361
CoinWithUs,66,CYDY,3,Crypto & Finance,0.00014434999623,3.11226571721e-05,4.6381,80,0.599187692414,1579.4862,2636.0458,0.15,0.0001,0.7361
CoinWithUs,67,CellToSingularity,29,Game Chiến Tranh & Anime,0.00447591559956,3.04004058867e-05,147.2321,80,0.599187692414,1579.4862,2636.0458,0.15,0.0001,0.7361
CoinWithUs,68,Archero,29,Game Chiến Tranh & Anime,0.00462254325677,2.99402254047e-05,154.3924,80,0.599187692414,1579.4862,2636.0458,0.15,0.0001,0.7361
CoinWithUs,69,1000xCoins,3,Crypto & Finance,0.000896381980283,2.62038698633e-05,34.208,80,0.599187692414,1579.4862,2636.0458,0.15,0.0001,0.7361
CoinWithUs,70,BNBTrader,3,Crypto & Finance,0.00096809821742,2.42794820924e-05,39.8731,80,0.599187692414,1579.4862,2636.0458,0.15,0.0001,0.7361
CoinWithUs,71,Aliexpress,24,Học tập & Địa lý,0.000135664331861,2.17606075742e-05,6.2344,80,0.599187692414,1579.4862,2636.0458,0.15,0.0001,0.7361
CoinWithUs,72,10s,29,Game Chiến Tranh & Anime,1.54403383664e-05,2.07197240558e-05,0.7452,80,0.599187692414,1579.4862,2636.0458,0.15,0.0001,0.7361
CoinWithUs,73,AltcoinTrader,3,Crypto & Finance,0.000759172485174,1.99648783491e-05,38.0254,80,0.599187692414,1579.4862,2636.0458,0.15,0.0001,0.7361
CoinWithUs,74,BehindTheClosetDoor,24,Học tập & Địa lý,0.0001426474948,1.8673582249e-05,7.639,80,0.599187692414,1579.4862,2636.0458,0.15,0.0001,0.7361
CoinWithUs,75,2kmyteam,29,Game Chiến Tranh & Anime,0.000903285124505,1.6793338412e-05,53.7883,80,0.599187692414,1579.4862,2636.0458,0.15,0.0001,0.7361
CoinWithUs,76,AlgorandOfficial,3,Crypto & Finance,1.21030647582e-05,1.60838069877e-05,0.7525,80,0.599187692414,1579.4862,2636.0458,0.15,0.0001,0.7361
CoinWithUs,77,CosmosAirdrops,3,Crypto & Finance,1.19148842165e-05,1.60838069877e-05,0.7408,80,0.599187692414,1579.4862,2636.0458,0.15,0.0001,0.7361
CoinWithUs,78,BitMartExchange,3,Crypto & Finance,4.70355614481e-05,1.54757876643e-05,3.0393,80,0.599187692414,1579.4862,2636.0458,0.15,0.0001,0.7361
CoinWithUs,79,CelsiusNetwork,3,Crypto & Finance,6.99909068567e-05,1.54751275442e-05,4.5228,80,0.599187692414,1579.4862,2636.0458,0.15,0.0001,0.7361
CoinWithUs,80,Aeon,3,Crypto & Finance,7.02611959564e-05,1.53960022693e-05,4.5636,80,0.599187692414,1579.4862,2636.0458,0.15,0.0001,0.7361
ContagiousLaughter,1,ContagiousLaughter,0,Anime & Pop Culture,0.257400181559,0.00134823857813,190.9159,12,0.906311125177,312.7135,345.0399,0.15,0.0001,0.7361
ContagiousLaughter,2,AntiAntiJokes,0,Anime & Pop Culture,0.000825068116153,0.00024648028803,3.3474,12,0.906311125177,312.7135,345.0399,0.15,0.0001,0.7361
ContagiousLaughter,3,BallbustingStories,28,Celebrity Fantasies,0.000686329624192,0.000149153455219,4.6015,12,0.906311125177,312.7135,345.0399,0.15,0.0001,0.7361
ContagiousLaughter,4,AntiJokes,0,Anime & Pop Culture,0.000903277296809,9.40218480924e-05,9.6071,12,0.906311125177,312.7135,345.0399,0.15,0.0001,0.7361
ContagiousLaughter,5,ActualFreakouts,21,Politics & Conspiracy,0.000630925614801,6.90283054672e-05,9.1401,12,0.906311125177,312.7135,345.0399,0.15,0.0001,0.7361
ContagiousLaughter,6,ApparentJokes,0,Anime & Pop Culture,0.000770697768387,5.54391022959e-05,13.9017,12,0.906311125177,312.7135,345.0399,0.15,0.0001,0.7361
ContagiousLaughter,7,3amjokes,0,Anime & Pop Culture,0.000862048326043,5.01307470367e-05,17.196,12,0.906311125177,312.7135,345.0399,0.15,0.0001,0.7361
ContagiousLaughter,8,AlzheimersGroup,0,Anime & Pop Culture,0.000427459041198,2.9888896431e-05,14.3016,12,0.906311125177,312.7135,345.0399,0.15,0.0001,0.7361
ContagiousLaughter,9,BillBurr,0,Anime & Pop Culture,0.000427401741058,2.96337563481e-05,14.4228,12,0.906311125177,312.7135,345.0399,0.15,0.0001,0.7361
ContagiousLaughter,10,CatTaps,75,Thú cưng & Trò chơi,0.000429980247339,2.19572603913e-05,19.5826,12,0.906311125177,312.7135,345.0399,0.15,0.0001,0.7361
ContagiousLaughter,11,CatSlaps,75,Thú cưng & Trò chơi,0.000468020258186,1.96670304988e-05,23.7972,12,0.906311125177,312.7135,345.0399,0.15,0.0001,0.7361
ContagiousLaughter,12,BenignExistence,75,Thú cưng & Trò chơi,0.000472530024168,1.95050781874e-05,24.226,12,0.906311125177,312.7135,345.0399,0.15,0.0001,0.7361
ATBandATGcommunity,1,ATBandATGcommunity,0,Anime & Pop Culture,0.25235859375,0.000744569764121,338.9321,6,0.981082996308,387.2365,394.7031,0.15,0.0001,0.7361
ATBandATGcommunity,2,ColetteGang,29,Game Chiến Tranh & Anime,0.000233724171806,3.13353584767e-05,7.4588,6,0.981082996308,387.2365,394.7031,0.15,0.0001,0.7361
ATBandATGcommunity,3,Acid,26,Cannabis & Fitness,0.000233914037096,2.53041439509e-05,9.2441,6,0.981082996308,387.2365,394.7031,0.15,0.0001,0.7361
ATBandATGcommunity,4,ClubPenguin,75,Thú cưng & Trò chơi,0.000236951881734,2.07566668477e-05,11.4157,6,0.981082996308,387.2365,394.7031,0.15,0.0001,0.7361
ATBandATGcommunity,5,AutisticPride,46,Mental Health & Support,0.00023546460363,1.76367411414e-05,13.3508,6,0.981082996308,387.2365,394.7031,0.15,0.0001,0.7361
ATBandATGcommunity,6,AlzheimersGroup,0,Anime & Pop Culture,0.0002413187834,1.68735514488e-05,14.3016,6,0.981082996308,387.2365,394.7031,0.15,0.0001,0.7361
AgencySquad,1,AgencySquad,0,Anime & Pop Culture,0.252381022546,0.000678565458921,371.9332,5,0.985170132476,395.9848,401.9456,0.15,0.0001,0.7361
AgencySquad,2,BLAHAJ,0,Anime & Pop Culture,0.000306730815511,0.000102722979073,2.986,5,0.985170132476,395.9848,401.9456,0.15,0.0001,0.7361
AgencySquad,3,AskRedditUL,0,Anime & Pop Culture,0.000303326775692,5.76272466928e-05,5.2636,5,0.985170132476,395.9848,401.9456,0.15,0.0001,0.7361
AgencySquad,4,AskOuija,0,Anime & Pop Culture,0.000214764271335,2.04296137262e-05,10.5124,5,0.985170132476,395.9848,401.9456,0.15,0.0001,0.7361
AgencySquad,5,ARG,29,Game Chiến Tranh & Anime,0.000213668388119,1.89920703369e-05,11.2504,5,0.985170132476,395.9848,401.9456,0.15,0.0001,0.7361
0sanitymemes,1,0sanitymemes,0,Anime & Pop Culture,0.25235859375,0.000709376988774,355.7468,1,1,0,355.7468,0.15,0.0001,0.7361
