seed_subreddit,seed_community_id,seed_community_name,cluster_size,cluster_conductance,cluster_cut,cluster_volume,ppr_mass,residual_mass,push_count,ranked_node_count,top_subreddits,top_communities,alpha,epsilon,min_edge_weight
ConservativeKiwi,0,Anime & Pop Culture,14,0.357450679848,34.6542,96.9482,0.579247003504,0.420752996496,352,83,ConservativeKiwi | CapeIndependence | AfricaVoice | ABC_NEWS_TOP_STORIES | Africa | AusNews | Australia_ | AustraliaLeftPolitics | AusPol | ABCaus | BrexitMemes | AustralianPolitics,Anime & Pop Culture | Chủ nghĩa phân biệt da màu | Politics & Conspiracy,0.15,0.0001,0.7361
AgencySquad,0,Anime & Pop Culture,5,0.985170132476,395.9848,401.9456,0.253419512797,0.746580487203,10,5,AgencySquad | BLAHAJ | AskRedditUL | AskOuija | ARG,Anime & Pop Culture | Game Chiến Tranh & Anime,0.15,0.0001,0.7361
2islamist4you,0,Anime & Pop Culture,25,0.449333621766,141.8677,315.7291,0.524333529842,0.475666470158,314,73,2islamist4you | Afghan | AfghanCivilwar | AfghanConflict | AskMiddleEast | 2balkan4you | 2asians4u_irl | 2Caucasian4you | 2easterneuropean4u | 2mediterranean4u | 4caucasus6you | Asia_irl,Anime & Pop Culture | Xung đột Afghanistan | Politics & Conspiracy | Nostalgia & Culture,0.15,0.0001,0.7361
AnotherEdenGlobal,29,Game Chiến Tranh & Anime,18,0.930686695323,450.3283,483.8667,0.264064603634,0.735935396366,29,18,AnotherEdenGlobal | Albedomains | ColetteGang | AcheronMainsHSR | BeidouMains | CPUCS | ADO | Ayato_Mains | Atelier | CafeNikki | CK3AGOT | Covetfashion,Game Chiến Tranh & Anime | Anime & Pop Culture | Âm nhạc đa thể loại | Thú cưng & Trò chơi,0.15,0.0001,0.7361
CapeIndependence,48,Chủ nghĩa phân biệt da màu,3,0.179777718846,0.7457,4.1479,0.7772000515,0.2227999485,249,41,CapeIndependence | AfricaVoice | Africa,Chủ nghĩa phân biệt da màu,0.15,0.0001,0.7361
0sanitymemes,0,Anime & Pop Culture,1,1,0,355.7468,0.25235859375,0.74764140625,4,1,0sanitymemes,Anime & Pop Culture,0.15,0.0001,0.7361
Chriswatts,0,Anime & Pop Culture,8,0.396128829115,13.5871,34.2997,0.533918921883,0.466081078117,182,31,Chriswatts | Columbine | AshaDegree | BryanKohberger | AndrewGosden | BryanKohbergerMoscow | CourtTVCases | Casefile,Anime & Pop Culture | Politics & Conspiracy,0.15,0.0001,0.7361
420,9,Hookup & Attraction,23,0.539095360524,256.1062,475.0666,0.289978383455,0.710021616545,79,32,420 | Cigarettes | Acid | 2cb | ArtOfRolling | Benzofamily | ChemicalMagicAU | BlackOutBoyz | Addictedtotheneedle | Craftmarijuana | BuffaloCannabis | COents,Hookup & Attraction | Cannabis & Fitness,0.15,0.0001,0.7361
BlackHair,9,Hookup & Attraction,6,0.357315117955,5.3042,14.8446,0.580252299732,0.419747700268,148,15,BlackHair | Barber | 360Waves | BeardAdvice | BeardTalk | Balding,Hookup & Attraction | Chăm sóc râu tóc nam,0.15,0.0001,0.7361
ATBandATGcommunity,0,Anime & Pop Culture,6,0.981082996308,387.2365,394.7031,0.253539967228,0.746460032772,9,6,ATBandATGcommunity | ColetteGang | Acid | ClubPenguin | AutisticPride | AlzheimersGroup,Anime & Pop Culture | Game Chiến Tranh & Anime | Cannabis & Fitness | Thú cưng & Trò chơi | Mental Health & Support,0.15,0.0001,0.7361
Aliexpress,24,Học tập & Địa lý,12,0.492338496128,25.0073,50.7929,0.675975123791,0.324024876209,368,71,Aliexpress | Buyee | Bricklink | AgMarketplace | BehindTheClosetDoor | AmazonSeller | AmazonWTF | AmazonVine | AmazonMerch | AmazonFBATips | AmazonFBA | Amazon_Influencer,Học tập & Địa lý | Cannabis & Fitness | Anime & Pop Culture,0.15,0.0001,0.7361
AnimalCrossing,75,Thú cưng & Trò chơi,20,0.851938850106,424.2008,497.924,0.270236576505,0.729763423495,37,23,AnimalCrossing | AnimalCrossingTours | ACNHIslandInspo | Catan | AmazonBudgetFinds | ClubPenguin | ACQR | CafeNikki | Brochet | Covetfashion | Artisticallyill | BuddyCrossing,Thú cưng & Trò chơi | Game Chiến Tranh & Anime | Anime & Pop Culture | Học tập & Địa lý,0.15,0.0001,0.7361
