subreddit,display_name,title,public_description,description,content,subscribers,over18,url,source,status,fetched_at,error
196,196,196,,,"196 | Thuộc community ""Anime & Pop Culture"". Các subreddit tập trung vào anime, phim ảnh, series và văn hóa pop liên quan đến nhân vật, cốt truyện và cộng đồng yêu thích.",,,/r/196/,community_inference,fallback_error,2026-05-31T04:08:16.859966+00:00,HTTP Error 403: Blocked
19684,19684,19684,,,"19684 | Thuộc community ""Anime & Pop Culture"". Các subreddit tập trung vào anime, phim ảnh, series và văn hóa pop liên quan đến nhân vật, cốt truyện và cộng đồng yêu thích.",,,/r/19684/,community_inference,fallback_error,2026-05-31T04:08:17.300218+00:00,HTTP Error 403: Blocked
AliexpressCouponFind,AliexpressCouponFind,AliexpressCouponFind,,,"AliexpressCouponFind | Thuộc community ""Mã Giảm Giá & Ưu Đãi"". Các subreddit tập trung vào mã giảm giá, ưu đãi và deal từ các nền tảng như AliExpress, Amazon và các trang thương mại điện tử khác.",,,/r/AliexpressCouponFind/,community_inference,fallback_error,2026-05-31T04:08:17.723870+00:00,HTTP Error 403: Blocked
AliexpressCoupons2021,AliexpressCoupons2021,AliexpressCoupons2021,,,"AliexpressCoupons2021 | Thuộc community ""Mã Giảm Giá & Ưu Đãi"". Các subreddit tập trung vào mã giảm giá, ưu đãi và deal từ các nền tảng như AliExpress, Amazon và các trang thương mại điện tử khác.",,,/r/AliexpressCoupons2021/,community_inference,fallback_error,2026-05-31T04:08:18.149774+00:00,HTTP Error 403: Blocked
AxieInfinityScholar,AxieInfinityScholar,AxieInfinityScholar,,,"AxieInfinityScholar | Thuộc community ""Axie Scholarship"". Các subreddit tập trung vào học bổng và hỗ trợ tài chính cho người chơi Axie Infinity",,,/r/AxieInfinityScholar/,community_inference,fallback_error,2026-05-31T04:08:18.608754+00:00,HTTP Error 403: Blocked
AxieScholarshipsPH,AxieScholarshipsPH,AxieScholarshipsPH,,,"AxieScholarshipsPH | Thuộc community ""Axie Scholarship"". Các subreddit tập trung vào học bổng và hỗ trợ tài chính cho người chơi Axie Infinity",,,/r/AxieScholarshipsPH/,community_inference,fallback_error,2026-05-31T04:08:19.046348+00:00,HTTP Error 403: Blocked
BSCMoonShots,BSCMoonShots,BSCMoonShots,,,"BSCMoonShots | Thuộc community ""Crypto & Finance"". Các subreddit tập trung vào tiền điện tử, giao dịch tài chính, và các sản phẩm tài chính liên quan đến blockchain và tiền tệ kỹ thuật số.",,,/r/BSCMoonShots/,community_inference,fallback_error,2026-05-31T04:08:19.483722+00:00,HTTP Error 403: Blocked
AllCryptoBets,AllCryptoBets,AllCryptoBets,,,"AllCryptoBets | Thuộc community ""Crypto & Finance"". Các subreddit tập trung vào tiền điện tử, giao dịch tài chính, và các sản phẩm tài chính liên quan đến blockchain và tiền tệ kỹ thuật số.",,,/r/AllCryptoBets/,community_inference,fallback_error,2026-05-31T04:08:19.919330+00:00,HTTP Error 403: Blocked
197,197,197,,,"197 | Thuộc community ""Anime & Pop Culture"". Các subreddit tập trung vào anime, phim ảnh, series và văn hóa pop liên quan đến nhân vật, cốt truyện và cộng đồng yêu thích.",,,/r/197/,community_inference,fallback_error,2026-05-31T04:08:20.372343+00:00,HTTP Error 403: Blocked
CoinSales,CoinSales,CoinSales,,,"CoinSales | Thuộc community ""Thương mại trò chơi"". Các subreddit tập trung vào trao đổi, mua bán tài sản, vật phẩm hoặc tài khoản trong các trò chơi điện tử.",,,/r/CoinSales/,community_inference,fallback_error,2026-05-31T04:08:20.826769+00:00,HTTP Error 403: Blocked
Coins4Sale,Coins4Sale,Coins4Sale,,,"Coins4Sale | Thuộc community ""Thương mại trò chơi"". Các subreddit tập trung vào trao đổi, mua bán tài sản, vật phẩm hoặc tài khoản trong các trò chơi điện tử.",,,/r/Coins4Sale/,community_inference,fallback_error,2026-05-31T04:08:21.263776+00:00,HTTP Error 403: Blocked
CouponCodeExplore,CouponCodeExplore,CouponCodeExplore,,,"CouponCodeExplore | Thuộc community ""Mã Giảm Giá & Ưu Đãi"". Các subreddit tập trung vào mã giảm giá, ưu đãi và deal từ các nền tảng như AliExpress, Amazon và các trang thương mại điện tử khác.",,,/r/CouponCodeExplore/,community_inference,fallback_error,2026-05-31T04:08:21.692021+00:00,HTTP Error 403: Blocked
CouponCodeNews,CouponCodeNews,CouponCodeNews,,,"CouponCodeNews | Thuộc community ""Mã Giảm Giá & Ưu Đãi"". Các subreddit tập trung vào mã giảm giá, ưu đãi và deal từ các nền tảng như AliExpress, Amazon và các trang thương mại điện tử khác.",,,/r/CouponCodeNews/,community_inference,fallback_error,2026-05-31T04:08:22.156745+00:00,HTTP Error 403: Blocked
AbsoluteWeapons,AbsoluteWeapons,AbsoluteWeapons,,,"AbsoluteWeapons | Thuộc community ""Weapon Enthusiasts"". Các subreddit tập trung vào vũ khí, thiết kế và thảo luận về vũ khí thực tế hoặc hư cấu",,,/r/AbsoluteWeapons/,community_inference,fallback_error,2026-05-31T04:08:22.615306+00:00,HTTP Error 403: Blocked
AbsoluteWeaponz,AbsoluteWeaponz,AbsoluteWeaponz,,,"AbsoluteWeaponz | Thuộc community ""Weapon Enthusiasts"". Các subreddit tập trung vào vũ khí, thiết kế và thảo luận về vũ khí thực tế hoặc hư cấu",,,/r/AbsoluteWeaponz/,community_inference,fallback_error,2026-05-31T04:08:23.072990+00:00,HTTP Error 403: Blocked
BestPolishInfluencer,BestPolishInfluencer,BestPolishInfluencer,,,"BestPolishInfluencer | Thuộc community ""Nostalgia & Culture"". Các subreddit tập trung vào ký ức thời kỳ 70s, 80s, 90s, văn hóa địa phương (như Chandigarh, Bacolod, Bhopal) và các chủ đề giải trí mang tính hồi tưởng như CableTV Memories, 90s kid, 80sdesign.",,,/r/BestPolishInfluencer/,community_inference,fallback_error,2026-05-31T04:08:23.500089+00:00,HTTP Error 403: Blocked
BestPolishNSFW,BestPolishNSFW,BestPolishNSFW,,,"BestPolishNSFW | Thuộc community ""Nostalgia & Culture"". Các subreddit tập trung vào ký ức thời kỳ 70s, 80s, 90s, văn hóa địa phương (như Chandigarh, Bacolod, Bhopal) và các chủ đề giải trí mang tính hồi tưởng như CableTV Memories, 90s kid, 80sdesign.",,,/r/BestPolishNSFW/,community_inference,fallback_error,2026-05-31T04:08:23.927185+00:00,HTTP Error 403: Blocked
CelebLBDs,CelebLBDs,CelebLBDs,,,"CelebLBDs | Thuộc community ""Nostalgia & Culture"". Các subreddit tập trung vào ký ức thời kỳ 70s, 80s, 90s, văn hóa địa phương (như Chandigarh, Bacolod, Bhopal) và các chủ đề giải trí mang tính hồi tưởng như CableTV Memories, 90s kid, 80sdesign.",,,/r/CelebLBDs/,community_inference,fallback_error,2026-05-31T04:08:24.403681+00:00,HTTP Error 403: Blocked
CelebrityFeetPosts,CelebrityFeetPosts,CelebrityFeetPosts,,,"CelebrityFeetPosts | Thuộc community ""Nostalgia & Culture"". Các subreddit tập trung vào ký ức thời kỳ 70s, 80s, 90s, văn hóa địa phương (như Chandigarh, Bacolod, Bhopal) và các chủ đề giải trí mang tính hồi tưởng như CableTV Memories, 90s kid, 80sdesign.",,,/r/CelebrityFeetPosts/,community_inference,fallback_error,2026-05-31T04:08:24.834587+00:00,HTTP Error 403: Blocked
Argaming,Argaming,Argaming,,,"Argaming | Thuộc community ""Reddit Nam Mỹ"". Các subreddit tập trung vào các quốc gia và cộng đồng tại Nam Mỹ, đặc biệt là Argentina, Colombia, Bolivia và các chủ đề liên quan đến văn hóa, thể thao và đời sống xã hội.",,,/r/Argaming/,community_inference,fallback_error,2026-05-31T04:08:25.285285+00:00,HTTP Error 403: Blocked
ArgenGaming,ArgenGaming,ArgenGaming,,,"ArgenGaming | Thuộc community ""Reddit Nam Mỹ"". Các subreddit tập trung vào các quốc gia và cộng đồng tại Nam Mỹ, đặc biệt là Argentina, Colombia, Bolivia và các chủ đề liên quan đến văn hóa, thể thao và đời sống xã hội.",,,/r/ArgenGaming/,community_inference,fallback_error,2026-05-31T04:08:25.718055+00:00,HTTP Error 403: Blocked
Burises,Burises,Burises,,,"Burises | Thuộc community ""Reddit Nam Mỹ"". Các subreddit tập trung vào các quốc gia và cộng đồng tại Nam Mỹ, đặc biệt là Argentina, Colombia, Bolivia và các chủ đề liên quan đến văn hóa, thể thao và đời sống xã hội.",,,/r/Burises/,community_inference,fallback_error,2026-05-31T04:08:26.146787+00:00,HTTP Error 403: Blocked
ArgentinaBenderStyle,ArgentinaBenderStyle,ArgentinaBenderStyle,,,"ArgentinaBenderStyle | Thuộc community ""Reddit Nam Mỹ"". Các subreddit tập trung vào các quốc gia và cộng đồng tại Nam Mỹ, đặc biệt là Argentina, Colombia, Bolivia và các chủ đề liên quan đến văn hóa, thể thao và đời sống xã hội.",,,/r/ArgentinaBenderStyle/,community_inference,fallback_error,2026-05-31T04:08:26.607721+00:00,HTTP Error 403: Blocked
CelebsInTights,CelebsInTights,CelebsInTights,,,"CelebsInTights | Thuộc community ""Nostalgia & Culture"". Các subreddit tập trung vào ký ức thời kỳ 70s, 80s, 90s, văn hóa địa phương (như Chandigarh, Bacolod, Bhopal) và các chủ đề giải trí mang tính hồi tưởng như CableTV Memories, 90s kid, 80sdesign.",,,/r/CelebsInTights/,community_inference,fallback_error,2026-05-31T04:08:27.029117+00:00,HTTP Error 403: Blocked
BrownsvilleTXGloryho,BrownsvilleTXGloryho,BrownsvilleTXGloryho,,,"BrownsvilleTXGloryho | Thuộc community ""Hookup & Attraction"". Các subreddit tập trung vào hẹn hò, thu hút tình dục và nội dung gợi cảm, chủ yếu hướng đến người trẻ và quan hệ tình dục không ràng buộc.",,,/r/BrownsvilleTXGloryho/,community_inference,fallback_error,2026-05-31T04:08:27.445154+00:00,HTTP Error 403: Blocked
AlabamaNaughtyHookup,AlabamaNaughtyHookup,AlabamaNaughtyHookup,,,"AlabamaNaughtyHookup | Thuộc community ""Hookup & Attraction"". Các subreddit tập trung vào hẹn hò, thu hút tình dục và nội dung gợi cảm, chủ yếu hướng đến người trẻ và quan hệ tình dục không ràng buộc.",,,/r/AlabamaNaughtyHookup/,community_inference,fallback_error,2026-05-31T04:08:27.906521+00:00,HTTP Error 403: Blocked
90sAlternative,90sAlternative,90sAlternative,,,"90sAlternative | Thuộc community ""Âm nhạc đa thể loại"". Các subreddit tập trung vào nhiều thể loại âm nhạc khác nhau, từ pop, rock, hip-hop đến nhạc độc lập và nghệ sĩ đa dạng.",,,/r/90sAlternative/,community_inference,fallback_error,2026-05-31T04:08:28.362900+00:00,HTTP Error 403: Blocked
90smusic,90smusic,90smusic,,,"90smusic | Thuộc community ""Âm nhạc đa thể loại"". Các subreddit tập trung vào nhiều thể loại âm nhạc khác nhau, từ pop, rock, hip-hop đến nhạc độc lập và nghệ sĩ đa dạng.",,,/r/90smusic/,community_inference,fallback_error,2026-05-31T04:08:28.803709+00:00,HTTP Error 403: Blocked
